calc_userid,1_action,1_action_count,2_action,2_action_count
4,94,1,332,1
26,94,1,277,1
29,94,1,,
61,409,1,286,1
92,94,1,277,1
163,94,2,157,1
171,94,2,142,1
229,94,1,371,7
230,178,1,131,1
276,94,1,277,1
303,94,2,140,1
364,94,2,150,1
391,94,1,291,1
452,94,2,138,1
474,178,2,184,1
476,94,1,371,1
480,94,1,,
501,94,1,277,1
509,94,1,142,1
537,94,1,,
549,178,1,127,1
592,94,1,277,1
631,94,3,153,1
650,94,1,,
660,94,1,277,1
686,94,1,,
701,94,1,,
727,277,1,94,1
747,94,1,140,1
792,94,6,371,1
802,94,1,277,1
852,94,2,95,1
870,94,2,371,1
898,94,1,439,2
906,182,1,130,1
918,94,1,,
964,94,1,277,1
1016,94,2,138,1
1088,94,1,,
1119,94,1,277,1
1131,313,1,216,1
1177,94,2,138,1
1185,94,3,169,1
1188,178,2,184,1
1212,112,6,,
1216,94,1,265,1
1226,94,1,439,1
1238,94,2,371,1
1250,94,1,,
1287,94,2,,
1298,94,1,,
1309,94,1,80,1
1334,94,2,371,2
1343,291,1,94,1
1376,94,2,,
1408,178,1,184,1
1450,94,1,,
1485,94,1,448,58
1487,94,1,320,1
1491,178,4,184,1
1510,94,1,,
1518,94,2,371,1
1559,94,5,371,1
1564,94,1,,
1566,94,1,371,3
1588,94,1,320,1
1606,94,2,140,1
1637,94,1,371,1
1658,94,1,169,1
1659,94,2,170,1
1670,178,2,108,1
1677,94,3,,
1697,94,3,,
1714,448,7,,
1737,94,1,,
1753,94,2,95,1
1767,94,2,169,1
1777,94,2,,
1779,94,9,,
1785,178,1,112,1
1795,94,1,277,1
1806,94,1,371,1
1810,94,4,409,1
1812,178,3,112,1
1813,94,2,140,1
1829,94,2,371,1
1846,178,1,120,1
1930,94,1,291,1
1935,94,2,140,1
1946,178,1,112,4
1950,223,1,448,2
1957,94,1,277,1
1968,94,1,,
1969,94,2,157,1
1980,178,2,112,1
2025,94,2,,
2040,94,2,,
2054,94,1,371,1
2063,94,1,,
2117,94,16,371,2
2127,94,1,371,1
2152,94,3,,
2153,94,1,373,1
2196,178,5,112,1
2214,178,2,106,1
2238,178,1,184,1
2249,94,1,,
2250,94,2,,
2272,178,1,94,1
2292,94,2,153,1
2304,94,1,409,8
2305,94,2,265,1
2312,94,1,,
2326,94,1,277,1
2337,94,2,95,1
2373,94,1,291,1
2388,247,2,241,1
2453,94,2,286,1
2461,247,1,,
2462,247,4,241,1
2509,94,1,167,1
2529,94,1,,
2538,94,1,140,1
2543,247,1,246,2
2558,94,2,371,1
2572,94,1,140,1
2590,94,2,142,1
2593,94,2,146,1
2646,94,1,,
2662,94,2,169,1
2690,94,2,154,1
2715,94,1,291,1
2732,94,3,,
2735,94,1,,
2755,94,1,277,1
2766,94,1,303,1
2767,94,2,163,1
2791,94,1,,
2815,,,94,2
2838,94,1,291,1
2849,94,1,291,1
2868,94,3,,
2873,94,1,291,1
2887,94,3,169,1
2927,112,4,,
2949,112,1,,
2980,247,3,241,1
2986,94,1,,
3066,94,1,408,1
3073,122,3,121,4
3091,94,1,409,1
3117,94,1,,
3127,178,2,184,1
3136,182,1,130,1
3137,94,1,,
3167,94,1,,
3173,94,1,291,1
3207,247,3,241,1
3213,94,3,146,1
3236,94,2,140,1
3285,94,2,140,1
3287,178,1,112,1
3320,94,4,,
3385,94,1,371,1
3403,94,1,146,1
3406,178,4,127,1
3409,94,3,,
3433,112,1,178,1
3482,178,1,120,1
3487,94,2,140,1
3506,94,1,371,1
3521,94,1,,
3535,94,2,140,1
3549,,,94,2
3572,94,1,303,1
3605,178,2,184,1
3633,216,1,94,2
3671,178,2,184,1
3683,178,2,108,1
3687,94,1,153,1
3721,178,1,112,1
3737,94,2,145,1
3742,178,2,184,1
3756,117,1,178,1
3764,178,1,128,1
3793,291,1,94,1
3802,183,1,112,1
3807,216,1,372,1
3824,371,1,372,1
3829,112,6,183,2
3844,178,1,184,1
3846,313,1,216,1
3867,94,2,371,1
3895,371,1,410,1
3904,94,2,163,1
3911,182,1,130,1
3919,182,1,130,1
3924,94,1,286,1
3954,94,4,409,2
3957,411,1,94,1
4052,182,1,130,2
4067,182,1,130,1
4080,94,1,371,2
4114,94,1,371,1
4196,182,1,130,1
4244,182,1,130,1
4283,94,2,371,1
4315,94,3,95,1
4323,371,2,265,1
4343,94,2,140,1
4345,94,1,439,1
4352,94,2,169,1
4389,182,1,130,1
4418,94,3,138,1
4424,112,1,,
4479,182,1,130,1
4494,182,1,130,1
4512,94,3,371,1
4525,130,1,134,1
4547,182,1,130,1
4566,94,2,140,1
4585,182,1,130,1
4590,94,3,162,1
4609,94,1,371,2
4640,182,1,130,2
4666,94,1,371,1
4675,94,1,371,1
4685,94,2,165,1
4710,182,1,130,1
4796,94,3,,
4809,94,2,,
4823,182,1,130,2
4855,94,1,,
4877,94,1,,
4881,94,1,,
4882,94,2,157,1
4890,94,2,,
4894,94,2,170,1
4903,94,1,,
4949,94,2,169,1
4951,94,2,,
4959,94,1,,
4967,94,1,371,1
4992,94,2,452,1
5044,94,1,448,1
5051,94,1,277,1
5055,94,1,,
5087,94,1,332,1
11,94,1,277,1
49,94,1,277,1
59,,,94,2
65,94,1,277,1
95,94,2,157,1
110,448,32,,
122,178,2,184,1
129,94,1,277,1
139,94,4,,
190,94,2,140,1
191,94,1,371,1
227,94,2,,
246,94,2,169,1
268,94,1,277,1
275,94,1,371,1
290,94,1,277,1
308,94,1,277,1
343,94,1,277,1
356,94,1,371,1
372,94,2,152,2
379,371,1,265,1
403,94,1,277,1
418,94,1,277,1
437,182,1,130,1
439,94,2,143,1
490,94,1,,
514,94,1,277,1
541,409,1,291,1
542,94,1,371,1
558,94,1,,
562,94,4,371,1
589,94,1,371,1
591,322,3,94,1
604,94,2,95,1
620,94,2,438,2
629,94,1,376,1
699,94,2,140,1
706,94,1,,
716,94,2,160,1
737,94,1,,
741,94,10,169,1
770,94,2,371,1
775,94,1,277,1
777,94,3,371,1
784,178,2,184,1
793,94,1,,
803,94,2,167,1
810,121,1,119,1
832,94,1,291,1
842,409,1,286,1
862,94,2,286,1
871,277,1,409,1
899,94,2,145,1
902,94,2,154,1
923,94,1,303,1
925,291,1,94,1
930,94,2,140,1
940,94,3,140,1
975,94,1,277,1
988,94,1,277,1
995,94,1,277,1
1000,94,1,371,1
1005,94,2,277,1
1006,94,2,161,1
1010,94,2,154,1
1065,94,1,438,1
1066,182,1,130,1
1091,94,1,303,1
1095,371,1,,
1144,112,1,,
1190,94,4,371,1
1196,94,2,142,1
1207,94,8,,
1221,94,1,277,1
1224,94,1,277,1
1246,94,1,277,1
1258,94,1,,
1277,182,1,130,1
1291,94,2,,
1305,178,1,131,1
1317,448,1,94,1
1341,94,1,371,1
1348,97,1,371,1
1360,94,2,286,1
1381,94,1,,
1392,94,1,190,2
1413,94,1,140,1
1423,178,1,,
1449,178,1,112,1
1470,94,1,409,13
1517,448,1,94,2
1543,94,1,371,1
1553,94,1,374,2
1568,94,2,140,1
1598,277,1,94,1
1703,94,1,277,1
1770,94,2,265,1
1781,94,2,140,1
1794,94,1,,
1814,320,1,438,1
1822,94,1,277,1
1833,94,1,371,1
1840,94,1,277,1
1847,178,2,184,1
1864,286,1,287,1
1888,94,2,170,1
1889,94,2,371,1
1907,94,1,138,1
1928,94,1,,
1944,94,1,371,2
1962,94,1,97,1
1964,94,2,169,1
1967,94,2,409,1
1999,178,1,112,1
2009,94,1,277,1
2010,94,1,439,1
2036,94,1,277,1
2044,178,1,131,1
2056,94,1,,
2083,94,2,28,1
2098,94,4,,
2105,178,2,184,1
2125,94,1,,
2133,94,1,,
2165,94,1,,
2173,94,4,,
2176,94,1,,
2182,94,2,26,1
2190,94,2,371,1
2215,94,1,,
2226,178,1,112,1
2245,94,1,,
2260,121,1,112,1
2286,94,1,277,1
2297,94,1,291,1
2335,259,1,448,2
2349,247,2,245,1
2389,178,1,127,1
2401,94,1,409,1
2459,94,2,371,1
2530,94,1,,
2533,94,1,,
2540,243,1,244,1
2578,247,1,241,1
2592,94,3,138,1
2596,94,2,142,1
2602,247,1,241,1
2635,94,1,371,1
2680,94,1,277,1
2730,94,1,371,1
2734,112,2,,
2796,94,3,157,1
2799,94,1,277,1
2803,247,1,,
2812,94,1,140,1
2814,94,1,277,1
2840,178,1,128,1
2865,94,2,,
2892,94,1,277,1
2895,94,4,,
2906,94,1,,
2924,178,2,184,1
2941,94,1,,
2969,94,2,160,1
2972,94,2,148,1
2987,94,1,384,1
3009,94,1,,
3015,178,2,184,1
3022,94,2,157,1
3025,178,1,120,1
3054,178,2,184,1
3061,178,2,184,1
3098,178,4,112,1
3106,94,1,,
3116,94,2,142,1
3128,247,1,241,1
3169,94,1,,
3182,94,1,291,1
3186,94,5,,
3196,94,2,,
3199,247,1,241,1
3215,94,3,,
3230,94,3,139,1
3279,354,1,356,1
3280,94,6,,
3293,94,1,291,1
3357,94,1,97,1
3366,94,1,291,1
3391,178,2,184,1
3410,94,2,371,1
3415,94,4,277,1
3427,94,1,142,1
3436,94,2,148,1
3443,94,1,,
3444,94,2,371,1
3453,94,1,,
3480,94,4,439,1
3519,94,1,,
3522,178,2,184,1
3528,178,1,127,1
3548,94,5,,
3567,178,1,127,1
3574,94,1,372,1
3616,94,2,409,1
3637,94,2,138,1
3684,94,1,,
3706,94,4,140,1
3707,178,1,184,1
3726,94,1,,
3744,136,1,174,1
3784,112,2,,
3786,94,2,303,1
3796,94,1,,
3800,94,1,,
3806,94,8,,
3816,112,3,,
3837,112,3,178,1
3861,186,1,183,2
3901,94,2,371,1
3932,94,2,158,1
3964,182,1,130,1
3965,265,1,94,3
3979,182,1,130,1
4002,94,1,409,1
4006,94,2,371,1
4085,94,6,371,1
4100,182,1,130,1
4116,94,2,371,1
4126,94,1,286,1
4136,94,2,169,1
4163,410,1,411,1
4178,94,3,409,2
4192,182,1,130,1
4204,182,1,130,1
4210,182,1,130,1
4212,182,1,130,1
4216,94,1,371,1
4240,94,1,371,1
4328,182,1,130,1
4330,130,1,179,1
4351,182,1,130,1
4371,94,1,371,1
4417,94,2,169,1
4429,94,1,371,1
4440,112,2,130,1
4449,94,4,95,1
4470,94,2,97,1
4483,94,2,159,1
4498,94,2,159,1
4507,94,2,371,1
4561,182,1,130,1
4592,182,1,130,1
4604,94,3,95,1
4615,94,7,371,2
4638,94,2,142,1
4644,94,1,261,1
4654,182,1,130,2
4656,182,1,130,1
4706,94,3,371,1
4712,94,2,371,1
4734,94,1,,
4749,94,14,,
4754,94,3,,
4756,94,1,,
4763,94,4,34,1
4769,94,1,140,1
4805,94,11,,
4813,94,3,371,1
4865,94,2,371,1
4906,94,2,,
4922,94,2,,
5011,448,1,446,1
5035,94,2,448,2
5067,94,1,448,26
5092,94,1,277,1
5106,448,5,259,1
35,94,2,286,1
57,371,2,94,1
60,94,1,277,1
118,448,1,,
128,448,2,94,1
136,448,10,259,1
189,94,1,277,1
197,94,1,277,1
222,94,1,,
226,94,1,371,1
242,182,1,130,1
270,94,1,,
293,354,2,350,2
335,106,1,107,14
369,94,1,371,1
413,94,1,140,1
430,94,1,,
453,94,2,371,1
455,178,1,131,1
464,94,1,,
497,94,1,,
513,94,3,303,1
524,,,112,2
535,94,1,277,1
545,94,1,,
560,94,1,303,1
567,94,2,371,1
580,94,2,95,1
639,94,2,138,1
651,94,2,,
697,116,1,178,1
726,94,1,371,1
730,388,1,438,1
759,409,1,286,1
760,94,1,277,1
763,94,1,,
805,94,1,277,1
817,277,1,94,1
820,94,4,371,1
828,94,3,277,1
838,94,5,140,1
911,94,2,,
912,94,2,154,1
915,178,1,112,2
936,94,1,291,1
938,182,1,130,1
960,94,2,,
977,94,2,371,2
1002,94,1,97,1
1009,94,1,163,1
1026,94,1,277,1
1078,94,2,140,1
1080,94,2,72,1
1093,94,2,448,2
1094,94,2,95,1
1112,94,4,159,1
1121,94,1,277,1
1125,94,1,303,1
1127,94,3,,
1145,94,2,95,1
1169,178,2,184,1
1213,94,1,,
1230,94,1,291,1
1239,94,2,140,1
1248,94,2,169,1
1270,94,2,140,1
1322,94,1,277,1
1333,178,3,128,1
1352,94,2,371,1
1371,94,6,,
1380,448,118,94,1
1390,94,1,371,1
1391,94,1,277,1
1395,112,4,,
1401,94,1,,
1407,94,1,277,1
1409,112,23,182,7
1432,178,2,184,1
1496,94,1,291,1
1512,94,3,,
1551,94,1,291,1
1607,94,1,448,1
1642,94,1,277,1
1681,94,6,28,1
1721,94,2,138,1
1725,178,2,184,1
1728,94,1,,
1744,94,1,,
1745,94,3,371,1
1801,94,1,303,1
1808,94,2,148,1
1831,94,3,,
1863,94,4,371,1
1867,94,1,,
1872,94,4,371,1
1892,,,94,2
1904,94,1,170,1
1925,94,1,277,1
1926,94,1,,
1941,94,1,,
1981,94,1,,
1997,94,4,,
2032,178,2,106,1
2064,94,2,286,1
2104,94,1,,
2132,287,1,94,6
2136,94,2,371,1
2138,178,2,112,2
2156,94,5,,
2184,94,2,169,1
2194,94,1,,
2206,94,1,,
2266,94,2,169,1
2345,94,1,,
2377,94,3,371,1
2411,243,1,244,3
2416,94,2,152,1
2433,178,1,112,1
2438,94,2,167,1
2471,247,1,241,1
2517,94,3,,
2522,94,2,140,1
2570,94,1,,
2581,94,1,371,1
2591,94,1,277,1
2609,94,1,320,1
2620,94,1,277,1
2663,94,2,142,1
2670,94,2,139,1
2695,94,2,277,1
2731,94,1,277,1
2739,178,1,131,1
2759,94,5,,
2877,94,2,148,1
2886,178,2,184,1
2901,94,1,291,1
2909,94,1,,
2948,178,2,184,2
2954,303,1,94,1
2958,178,2,184,1
2960,178,1,112,1
2970,94,6,,
2982,94,2,140,1
2988,94,1,277,1
2989,94,2,141,1
2994,178,5,112,1
3013,178,3,106,1
3014,94,2,261,1
3020,178,2,184,1
3043,247,1,241,1
3057,178,2,184,1
3064,94,2,,
3105,178,1,112,1
3122,94,1,291,1
3129,178,2,120,1
3149,94,3,163,2
3155,94,2,,
3164,94,1,291,1
3206,94,1,,
3226,94,2,169,1
3254,94,3,153,1
3258,178,2,184,1
3272,178,1,112,4
3306,178,2,112,1
3327,94,1,291,1
3340,94,2,,
3343,94,2,,
3355,94,2,149,1
3386,178,3,105,1
3393,94,3,163,1
3394,178,3,184,1
3398,112,51,,
3460,94,1,,
3478,94,4,371,1
3485,178,2,106,1
3493,112,2,186,1
3539,94,2,169,1
3569,94,1,291,1
3590,94,1,,
3591,94,1,371,1
3602,178,1,184,1
3621,178,2,184,1
3647,247,1,241,1
3700,178,1,112,1
3703,94,1,371,1
3704,112,1,178,2
3710,94,2,,
3714,94,1,277,1
3723,112,12,,
3741,94,2,140,1
3754,178,3,184,1
3767,94,2,,
3794,112,4,186,1
3803,112,2,183,1
3820,112,4,132,2
3822,178,2,184,1
3845,112,1,,
3859,178,1,184,1
3868,94,1,371,1
3873,313,1,216,1
3877,175,1,187,1
3918,94,1,371,1
3937,182,1,130,1
3941,130,2,112,1
3949,94,1,371,1
3950,94,1,371,1
3995,94,2,169,1
4015,182,1,130,1
4024,94,2,371,1
4025,94,2,140,1
4029,94,2,140,1
4084,94,2,371,2
4109,182,1,130,1
4110,94,2,140,1
4168,94,2,371,1
4176,94,3,97,1
4199,182,1,130,1
4242,94,2,143,1
4251,182,1,130,2
4253,182,1,130,1
4292,94,1,371,1
4335,94,2,158,1
4349,94,1,371,1
4355,182,1,130,1
4356,94,3,371,1
4367,182,1,130,1
4441,94,2,371,1
4465,94,1,371,1
4504,94,2,143,1
4511,371,2,265,1
4551,112,1,130,1
4591,94,2,371,1
4607,130,1,179,1
4629,94,1,190,2
4631,411,1,313,1
4641,94,3,371,1
4663,94,2,371,1
4687,94,2,144,1
4704,182,1,130,1
4727,94,2,167,1
4771,94,3,,
4816,94,2,,
4824,95,1,26,1
4830,94,1,,
4842,94,1,,
4886,94,2,158,1
4892,94,2,,
4913,94,2,140,1
4954,94,5,,
4969,94,1,,
5006,94,1,277,1
5062,112,1,178,1
5066,94,1,277,1
5079,407,1,280,1
5089,94,1,448,1
5105,94,2,448,1
13,448,2,259,1
41,94,1,277,1
71,94,2,,
85,328,1,94,1
106,409,1,94,1
111,182,1,130,1
143,94,1,277,1
144,94,1,291,1
192,178,1,127,1
213,94,1,277,1
243,94,2,169,1
272,94,1,277,1
278,178,3,184,1
310,182,1,130,1
311,94,1,371,1
313,277,1,94,1
332,182,1,130,1
337,438,1,94,1
367,94,1,371,1
370,94,1,371,1
371,94,1,97,1
388,94,1,303,1
393,94,3,277,1
412,94,1,277,1
417,94,2,,
440,94,1,277,1
442,94,4,140,1
454,94,1,143,1
473,94,1,371,1
493,287,1,313,1
499,140,1,371,1
507,94,6,,
534,94,2,,
568,94,1,371,1
573,94,1,277,1
575,94,1,,
578,94,2,,
621,94,1,,
627,94,2,277,1
642,438,2,94,3
653,94,2,,
687,94,3,371,1
703,94,2,265,1
704,264,1,94,1
705,94,1,,
720,94,2,,
735,94,2,138,1
765,94,2,140,1
790,94,1,448,1
798,94,1,409,1
815,94,1,277,1
867,94,1,,
868,178,2,184,1
873,94,1,,
907,94,1,277,1
916,94,1,277,1
921,94,2,149,1
963,94,1,277,1
985,94,1,,
1030,94,2,142,1
1034,277,1,94,1
1035,112,1,178,1
1085,178,2,184,1
1114,94,1,,
1138,94,1,,
1160,94,1,,
1175,94,5,,
1192,112,1,178,1
1195,94,1,277,1
1202,94,3,,
1209,94,2,,
1228,94,2,95,1
1249,94,1,303,1
1260,178,1,184,1
1264,94,1,277,1
1273,94,1,265,1
1274,94,2,,
1293,291,1,94,1
1310,448,1,94,1
1339,94,2,448,1
1351,94,4,371,1
1385,178,3,106,1
1393,94,1,,
1404,94,2,371,2
1411,94,4,409,1
1455,178,2,184,1
1456,182,1,130,1
1463,94,2,286,1
1473,94,2,371,1
1532,94,1,277,1
1556,94,1,277,1
1571,94,1,157,1
1574,94,2,142,1
1638,94,6,149,1
1676,94,1,291,1
1684,94,1,277,1
1686,94,2,,
1689,439,1,438,1
1690,94,2,72,1
1695,94,1,291,1
1710,94,7,371,1
1716,94,1,,
1783,94,1,,
1788,94,1,,
1861,94,2,,
1880,94,1,277,1
1902,448,1,94,1
1911,94,1,371,1
1919,112,1,181,1
1936,94,1,277,1
1947,94,1,385,1
1956,94,1,277,1
1960,94,1,,
1976,287,1,94,1
1996,182,1,130,1
2011,178,2,184,1
2021,94,2,148,1
2030,94,1,291,1
2041,94,3,,
2051,94,4,,
2171,94,1,291,1
2174,94,1,,
2192,94,1,,
2222,94,3,160,1
2224,94,3,154,1
2225,94,2,95,1
2299,94,1,142,1
2313,94,1,142,1
2346,94,2,154,1
2350,94,4,169,1
2367,94,2,,
2371,94,1,303,1
2379,94,2,,
2399,94,3,,
2430,94,1,,
2449,94,1,320,1
2454,94,1,,
2464,94,1,,
2474,247,1,241,1
2505,94,1,,
2520,94,2,286,1
2524,94,1,277,1
2526,94,1,,
2528,178,2,184,1
2536,94,1,142,1
2555,94,2,26,1
2556,94,1,291,1
2564,291,1,94,1
2598,94,2,140,1
2623,94,1,371,1
2625,94,2,143,1
2712,94,1,140,1
2719,247,1,241,1
2722,291,1,94,1
2736,291,1,,
2748,94,2,95,1
2763,178,2,176,5
2797,94,1,277,1
2798,178,2,184,1
2805,183,1,112,3
2808,178,2,184,1
2825,178,2,184,1
2827,94,1,,
2847,94,1,,
2903,178,1,112,1
2931,178,3,131,1
2935,94,1,,
2944,94,1,371,1
2945,178,1,112,1
2953,94,3,,
3017,94,3,140,1
3034,178,2,184,1
3080,94,1,,
3084,94,1,291,1
3108,94,1,371,1
3120,265,1,,
3133,247,5,246,1
3139,94,1,,
3142,94,2,95,1
3157,237,1,247,1
3188,94,2,140,1
3195,94,1,,
3203,95,1,38,1
3205,94,2,371,1
3228,94,1,,
3267,94,1,291,1
3283,178,2,184,1
3321,178,1,120,1
3356,112,1,178,3
3381,94,1,277,1
3395,178,2,184,1
3437,94,1,303,1
3452,178,3,112,1
3492,178,1,120,1
3503,178,3,184,1
3514,112,1,178,3
3541,178,1,112,1
3545,94,2,,
3594,94,2,,
3614,178,1,184,1
3654,178,2,184,1
3655,236,1,237,1
3657,94,1,160,1
3679,112,1,178,2
3698,94,1,,
3713,94,1,,
3716,94,1,,
3729,178,2,184,1
3753,94,5,371,1
3762,94,2,,
3810,94,10,440,1
3832,112,5,178,1
3841,112,2,186,1
3847,440,1,94,2
3856,178,3,112,1
3866,183,5,112,1
3884,411,1,313,1
3902,94,1,371,2
3914,180,1,134,1
3917,94,2,371,1
3953,130,1,134,1
3956,94,1,371,1
3963,182,1,130,1
3967,94,2,371,1
4072,94,1,140,1
4073,94,2,142,1
4078,94,3,140,1
4098,94,2,371,3
4101,182,1,130,1
4105,94,1,97,1
4122,94,1,157,1
4129,94,2,95,1
4134,182,1,130,1
4171,439,1,409,1
4177,94,2,371,1
4191,94,5,303,1
4205,182,1,112,1
4229,94,2,170,1
4232,94,1,157,1
4234,130,1,112,1
4258,94,2,138,1
4269,94,2,140,1
4307,94,2,97,1
4317,182,1,130,1
4318,94,5,148,1
4319,182,1,130,1
4333,94,2,371,1
4334,182,1,130,3
4350,94,1,371,1
4359,94,2,142,1
4383,182,1,130,1
4400,182,1,130,1
4425,94,2,95,1
4435,182,1,130,2
4436,94,2,371,6
4448,94,2,371,1
4462,94,2,170,1
4500,182,1,130,1
4509,94,2,170,1
4515,182,1,130,2
4519,94,3,140,1
4526,94,1,277,1
4532,94,1,95,1
4543,94,3,170,1
4546,182,1,130,1
4557,94,1,371,1
4614,94,5,167,1
4616,94,2,169,1
4651,94,2,371,1
4689,94,1,371,1
4730,94,2,170,1
4740,94,3,140,1
4764,94,1,,
4766,94,1,,
4785,94,2,149,1
4794,182,1,130,1
4802,94,2,149,1
4807,94,2,161,1
4810,94,1,,
4811,182,1,130,1
4861,94,3,,
4893,94,2,371,1
4918,94,1,142,1
4939,94,1,,
4971,94,2,,
4983,94,3,448,1
4984,94,1,277,1
5034,94,1,277,1
5037,277,1,94,2
5039,448,1,259,1
5046,438,2,94,1
5052,448,2,252,1
5059,94,1,277,1
5071,94,1,409,1
5086,94,1,277,1
5104,121,1,116,1
15,94,2,452,1
19,94,1,409,1
28,94,4,448,13
33,448,3,94,2
54,94,1,448,18
81,94,1,448,2
88,94,1,277,1
93,94,3,140,1
156,94,3,374,1
161,182,1,130,2
165,94,1,,
166,94,1,448,2
193,94,1,277,1
208,94,1,,
223,94,1,277,1
248,94,1,,
257,94,1,,
260,,,94,2
296,94,1,,
301,94,2,170,1
305,122,1,178,2
315,94,1,286,1
365,94,1,,
384,94,1,303,1
405,291,1,409,1
411,94,3,371,1
443,287,1,94,1
468,94,2,158,1
519,94,1,,
548,94,2,277,1
566,94,1,291,1
569,94,5,303,1
633,94,1,303,1
652,94,1,277,1
717,94,4,,
721,94,1,277,1
740,182,1,130,1
753,94,2,371,2
801,322,1,,
841,94,1,140,1
878,354,2,350,1
888,94,2,148,1
903,94,2,169,1
909,94,2,,
926,178,3,184,1
965,94,2,95,1
969,94,1,,
1001,94,2,286,1
1018,94,1,277,1
1025,94,2,95,1
1107,94,2,,
1111,182,1,130,1
1122,94,1,371,1
1146,94,2,371,1
1153,94,1,,
1167,118,3,119,2
1191,94,1,277,1
1217,94,1,371,1
1219,94,1,291,1
1240,94,2,161,1
1256,94,1,371,1
1271,94,2,371,1
1272,94,1,,
1280,179,1,134,1
1283,94,1,,
1320,178,4,184,1
1419,182,1,130,1
1429,178,1,,
1447,178,4,112,1
1479,94,2,149,1
1524,112,1,178,6
1537,94,1,,
1549,94,3,,
1579,94,2,140,1
1581,94,1,,
1595,265,1,287,1
1600,94,1,277,1
1605,94,1,438,1
1621,94,2,,
1648,94,2,143,1
1669,94,1,277,1
1671,94,2,26,1
1673,94,1,277,1
1691,94,1,,
1701,94,1,,
1771,112,2,,
1782,94,1,277,1
1796,94,1,277,1
1804,94,2,371,1
1807,94,2,303,1
1809,94,1,,
1835,178,4,184,1
1881,94,1,97,1
1934,94,2,140,1
1937,178,1,,
1951,94,4,,
1984,94,3,72,1
2029,94,1,140,1
2053,94,2,165,1
2058,94,1,277,1
2068,94,1,277,1
2089,94,5,,
2101,94,1,409,1
2129,94,1,,
2141,94,1,277,1
2179,178,1,120,1
2188,94,7,,
2201,178,2,106,1
2209,94,1,277,1
2212,94,1,220,1
2235,94,1,,
2268,94,4,,
2301,94,2,371,1
2325,94,4,,
2336,94,2,170,1
2339,247,1,241,1
2354,94,2,143,1
2404,94,1,,
2408,94,1,,
2458,94,2,,
2460,94,2,,
2468,94,2,,
2470,247,1,241,1
2483,94,1,277,1
2490,94,2,161,1
2496,94,1,303,1
2551,247,3,241,1
2562,94,2,371,1
2563,94,3,,
2615,94,1,,
2649,112,8,178,2
2655,94,1,371,1
2659,94,1,,
2673,94,10,,
2704,94,1,,
2769,112,1,178,2
2774,178,3,184,1
2784,112,13,178,1
2792,94,3,,
2810,94,2,409,1
2836,94,1,277,1
2848,94,1,291,1
2851,94,2,95,1
2857,94,1,291,1
2869,112,1,116,1
2880,178,3,184,1
2904,186,2,183,1
2917,112,5,,
2932,94,3,,
2934,178,2,106,1
2939,94,2,165,1
2950,94,2,146,1
2951,94,1,,
2971,94,2,371,1
3000,178,2,108,1
3037,94,1,257,1
3041,94,2,140,1
3046,178,2,184,1
3051,94,2,,
3062,94,1,371,1
3069,178,2,184,1
3081,94,2,,
3118,94,2,,
3154,94,4,,
3163,94,2,138,1
3210,247,1,241,1
3231,178,5,112,1
3232,94,1,303,1
3233,94,1,142,1
3239,178,1,,
3255,183,1,112,1
3316,277,1,94,1
3390,178,1,112,1
3405,94,1,,
3439,94,2,142,1
3488,178,1,112,6
3508,178,3,184,1
3513,94,1,140,1
3534,178,1,120,1
3536,112,1,178,2
3581,94,2,,
3582,182,1,130,1
3599,178,1,120,1
3617,178,1,184,1
3631,143,1,94,1
3693,178,1,112,1
3694,94,3,141,1
3705,94,1,,
3735,94,1,371,1
3770,112,1,186,1
3831,178,1,184,1
3843,94,1,291,1
3899,94,1,371,1
3940,94,1,371,1
3942,94,1,357,1
3975,182,1,130,1
4005,94,2,371,1
4033,182,1,130,2
4082,94,3,170,1
4148,94,3,371,1
4165,411,1,94,1
4167,94,1,371,1
4174,94,1,371,1
4194,94,3,286,1
4203,94,1,277,1
4254,94,1,371,1
4256,94,1,371,1
4275,112,2,130,1
4295,94,1,277,1
4297,182,1,130,1
4339,94,2,95,1
4342,94,1,371,1
4390,182,1,130,1
4399,94,2,140,1
4414,94,3,371,1
4428,94,3,371,1
4439,94,2,140,1
4443,94,2,97,1
4485,287,1,94,1
4502,94,3,371,1
4516,182,1,130,1
4552,94,2,142,1
4569,182,1,130,2
4595,94,4,143,1
4600,94,2,371,1
4630,411,1,,
4659,94,2,371,1
4677,94,2,371,1
4703,94,1,371,1
4707,94,2,158,1
4718,94,1,371,1
4777,94,3,71,1
4791,94,1,164,1
4800,94,4,,
4808,94,1,140,1
4829,94,4,,
4848,94,3,,
4929,94,1,165,1
4966,94,4,,
4979,94,1,287,1
4990,94,2,448,1
4997,94,2,,
5001,94,1,286,1
5007,94,1,448,2
5012,448,15,407,1
5045,94,1,,
5083,94,4,438,1
5091,448,1,94,1
5119,94,1,277,1
0,94,1,,
6,371,1,372,1
32,94,2,,
36,198,1,199,1
40,94,1,277,1
43,94,5,,
68,94,1,277,1
75,94,2,277,1
80,94,2,328,1
138,259,1,448,3
177,94,1,277,1
180,94,1,,
195,94,1,277,1
204,94,2,157,1
207,94,2,438,1
251,94,2,,
259,94,1,291,1
277,94,1,277,1
287,94,3,371,1
302,178,1,128,1
342,94,3,140,1
348,277,1,409,2
366,94,1,,
415,94,1,277,1
420,94,1,277,1
429,186,1,183,1
436,94,2,138,1
438,178,1,112,1
466,178,2,184,1
498,350,2,354,2
511,94,2,153,1
555,182,1,130,1
587,182,1,130,1
603,94,1,409,3
622,94,2,448,1
628,94,1,,
636,94,1,277,1
637,94,1,,
648,94,1,277,1
666,94,3,,
671,94,1,371,1
696,94,2,303,1
707,94,2,277,2
713,94,1,140,1
722,94,1,291,1
752,94,1,277,1
774,94,2,286,1
778,178,2,184,1
807,323,1,322,1
811,112,1,,
846,94,1,291,1
847,94,1,277,1
866,94,2,157,1
984,94,3,167,1
1012,291,1,94,1
1051,94,1,277,1
1073,94,1,277,1
1077,94,1,277,1
1089,94,1,277,1
1108,94,1,,
1128,94,5,,
1134,94,1,,
1183,94,2,140,1
1231,94,1,277,1
1242,94,2,,
1321,94,2,371,1
1336,94,1,371,1
1340,182,1,130,1
1358,178,2,184,1
1402,183,1,112,1
1417,94,1,261,1
1435,94,2,448,1
1448,94,1,277,1
1454,94,1,291,1
1457,178,1,112,1
1477,94,1,,
1490,178,1,120,1
1503,178,1,120,1
1520,94,1,277,1
1533,94,2,,
1544,94,1,381,1
1550,94,1,,
1557,372,1,371,1
1576,94,2,95,1
1594,94,1,,
1643,94,1,291,1
1644,112,2,178,1
1667,130,1,112,1
1668,94,1,157,1
1679,94,1,291,1
1683,94,1,405,1
1734,94,3,371,2
1749,94,2,,
1844,94,1,277,1
1913,94,1,,
1958,94,2,141,1
1971,94,1,170,1
1992,94,1,,
2034,178,1,112,1
2035,94,4,95,1
2077,94,4,,
2112,94,6,95,1
2157,94,6,,
2183,94,3,,
2186,94,1,291,1
2200,94,1,277,1
2223,94,3,160,1
2239,94,1,277,1
2252,94,2,,
2254,94,2,170,1
2295,94,2,371,1
2318,94,2,139,1
2394,94,1,291,1
2406,112,1,94,1
2417,178,1,120,1
2423,94,1,,
2426,94,1,440,1
2450,94,1,371,1
2484,178,1,128,1
2486,178,3,127,1
2498,94,3,371,1
2544,94,1,277,1
2554,94,3,,
2560,247,1,241,1
2569,291,1,265,1
2586,277,1,94,1
2638,94,2,409,1
2648,259,1,448,1
2667,94,2,,
2668,94,1,,
2678,94,2,,
2740,94,2,,
2750,94,1,,
2761,94,1,277,1
2789,94,2,80,2
2824,178,2,184,1
2940,178,2,184,1
2981,94,2,140,1
2992,94,2,,
3011,178,2,106,1
3032,178,1,127,1
3047,94,2,138,1
3052,265,1,287,1
3074,178,1,184,1
3097,94,1,,
3111,94,1,140,1
3165,94,1,291,1
3187,94,7,97,1
3204,94,1,438,1
3217,94,1,291,1
3241,94,1,,
3249,94,2,,
3252,94,1,,
3303,178,1,131,1
3309,291,1,94,1
3312,94,1,303,1
3344,94,2,95,1
3359,94,2,170,1
3384,94,1,409,1
3416,94,3,371,2
3440,94,1,148,1
3494,94,1,277,1
3497,178,2,106,1
3555,94,3,95,1
3562,178,1,120,1
3604,94,1,277,1
3615,178,3,184,1
3624,94,3,140,1
3640,178,3,131,1
3649,178,3,184,1
3665,247,1,241,1
3673,94,1,291,1
3674,94,1,371,1
3724,94,1,,
3738,112,2,186,2
3740,94,1,139,1
3748,94,1,,
3761,112,2,,
3863,178,1,184,1
3882,94,1,371,1
3883,411,1,313,1
3885,94,1,371,1
3945,94,2,371,1
4034,94,1,371,1
4036,94,5,371,1
4093,94,1,409,1
4095,94,6,371,1
4103,94,2,371,2
4107,94,3,371,1
4117,182,1,130,1
4142,94,4,371,2
4158,94,1,371,1
4184,182,1,130,2
4195,182,1,112,1
4198,182,1,130,1
4211,182,1,130,1
4225,94,2,371,1
4227,94,2,371,1
4231,94,3,169,1
4238,94,3,146,1
4245,94,3,140,1
4268,182,1,130,1
4272,182,1,130,1
4284,94,4,97,1
4366,94,2,409,1
4376,94,1,371,1
4381,182,1,130,1
4415,182,1,130,1
4456,94,3,170,1
4467,94,2,371,1
4558,94,3,143,1
4574,411,1,313,1
4576,94,5,303,1
4594,94,1,371,1
4618,94,1,439,1
4676,182,1,,
4723,182,1,130,2
4728,94,2,162,1
4742,94,2,95,1
4772,94,1,371,2
4778,94,5,,
4804,182,1,130,1
4857,94,3,142,1
4858,94,1,140,1
4866,94,1,371,2
4873,94,2,154,1
4883,94,1,371,2
4905,94,2,153,1
4914,94,2,142,1
4915,94,2,165,1
4986,94,1,277,1
4995,94,1,452,1
5008,314,1,448,1
5048,446,1,448,1
5069,196,1,94,1
5098,94,1,277,1
5100,178,2,106,1
5102,199,1,250,1
38,438,1,320,1
72,94,1,,
82,94,1,277,1
84,94,1,277,1
87,94,3,438,3
160,94,2,169,1
172,94,2,72,1
215,94,1,277,1
235,94,1,371,1
282,277,1,94,1
283,94,1,,
285,94,1,277,1
304,448,13,312,1
307,157,1,94,1
321,94,1,,
327,94,1,438,1
350,178,2,184,1
378,94,1,277,1
380,94,1,,
400,94,3,,
460,94,2,142,1
462,94,3,,
472,94,2,286,1
502,94,4,,
523,94,1,371,1
609,94,1,303,1
613,291,1,94,1
647,94,2,,
649,94,1,265,1
656,287,1,216,1
695,94,2,,
715,94,1,277,1
750,94,2,286,1
756,94,1,277,1
769,94,1,91,1
785,178,1,112,1
797,94,1,286,1
813,94,3,371,1
829,94,1,371,1
833,94,1,277,1
865,94,1,371,1
886,94,1,,
941,94,1,371,1
950,178,1,112,2
957,94,1,439,1
1053,94,2,371,1
1055,94,1,145,1
1100,277,1,94,1
1106,94,12,303,1
1171,94,1,,
1179,178,2,184,1
1206,182,1,130,1
1220,94,1,,
1233,94,1,,
1235,94,1,371,1
1247,178,2,105,1
1254,94,1,291,1
1281,94,2,148,1
1396,94,2,142,1
1418,94,2,95,1
1480,94,1,142,1
1492,94,4,95,1
1500,94,1,277,1
1539,94,1,277,1
1558,94,2,265,1
1572,112,1,,
1604,94,1,,
1608,94,1,154,1
1616,371,1,261,1
1631,94,2,371,1
1702,94,2,,
1742,94,1,277,1
1743,448,1,94,1
1754,94,12,,
1764,94,1,371,1
1772,94,1,320,1
1780,94,2,167,1
1786,94,1,291,1
1832,178,1,184,1
1834,94,2,138,1
1855,185,2,112,1
1871,94,2,140,1
1876,94,1,277,1
1879,94,2,158,1
1921,94,1,170,1
1948,94,1,,
1977,94,2,146,1
1994,291,1,94,1
2000,94,2,371,1
2001,94,1,277,1
2006,94,1,277,1
2012,94,1,,
2027,94,1,291,1
2088,94,1,,
2090,94,1,,
2096,94,2,,
2108,112,1,94,3
2135,94,1,,
2177,94,1,277,1
2198,94,2,190,2
2211,94,1,303,1
2237,237,2,247,1
2244,94,1,438,1
2264,94,1,409,1
2289,94,1,142,1
2298,94,1,140,1
2372,94,3,371,1
2380,235,1,247,3
2387,247,1,241,1
2402,94,5,,
2447,247,1,241,1
2511,94,1,277,1
2519,94,2,148,1
2573,94,1,,
2580,94,2,95,1
2583,94,1,,
2589,94,1,,
2616,291,1,265,1
2633,94,1,,
2693,94,1,,
2821,94,5,,
2845,94,1,,
2875,112,7,178,2
2881,178,2,184,1
2884,94,1,140,1
2896,94,1,277,1
2900,178,2,106,1
2967,94,1,97,1
2968,178,1,112,1
2995,178,2,184,1
3026,94,2,97,1
3039,178,2,184,1
3048,94,2,371,1
3070,277,1,94,1
3078,178,3,120,1
3112,94,1,140,1
3144,94,2,371,1
3152,291,1,94,1
3160,94,1,,
3178,94,6,371,1
3202,94,2,286,1
3208,247,1,241,1
3218,178,1,120,1
3227,94,2,140,1
3296,94,4,,
3300,94,1,277,1
3302,94,1,140,1
3328,94,1,140,1
3332,94,1,,
3350,94,1,142,1
3370,112,1,178,2
3382,94,1,291,1
3392,94,4,,
3421,178,1,112,1
3428,94,1,95,1
3446,94,13,150,1
3510,94,2,371,1
3547,94,1,277,1
3559,94,1,,
3580,94,1,,
3603,178,4,112,1
3629,94,3,,
3656,178,1,112,1
3670,178,2,112,1
3680,178,1,120,1
3709,178,2,184,1
3727,94,3,,
3775,94,1,371,1
3776,112,1,183,1
3819,94,1,371,1
3869,216,1,372,1
3887,94,1,271,1
3892,409,1,265,1
3921,94,1,371,1
3952,182,1,130,1
3971,94,1,303,1
3981,182,1,130,1
4019,94,1,371,1
4021,182,1,130,1
4032,94,1,97,1
4050,182,1,130,1
4086,94,1,371,1
4108,94,2,140,1
4113,94,2,371,1
4121,94,2,371,1
4125,94,2,,
4127,182,1,130,1
4156,94,1,371,1
4161,411,1,313,1
4175,94,1,371,1
4209,94,1,371,1
4271,94,2,155,1
4338,94,2,371,1
4380,182,1,130,1
4391,130,1,112,1
4397,94,1,371,1
4431,94,3,157,1
4455,94,2,169,1
4458,112,2,130,1
4459,94,1,95,1
4473,182,1,130,1
4481,182,1,130,1
4487,411,1,287,1
4549,182,1,130,1
4568,182,1,130,1
4606,182,1,130,1
4622,182,1,130,1
4635,411,1,94,1
4643,182,1,130,1
4714,182,1,130,1
4736,94,2,,
4761,94,2,371,3
4775,94,2,142,1
4789,94,3,151,1
4834,94,2,,
4854,94,1,,
4872,94,1,,
4885,94,7,,
4926,94,1,,
4930,94,2,138,1
4944,94,3,95,1
4947,94,1,,
4956,94,2,,
5010,94,2,,
5013,94,1,277,1
5023,94,1,277,1
5047,94,1,,
5078,94,1,448,11
5107,94,6,371,1
3,438,1,320,1
58,94,1,371,2
78,94,1,,
97,94,1,371,1
112,448,55,289,1
113,94,2,138,1
114,94,1,277,1
133,94,1,371,1
147,94,2,371,1
155,182,1,130,1
167,94,1,277,1
179,94,2,95,1
199,94,1,277,1
212,94,1,,
255,94,1,,
258,,,94,2
299,94,1,286,1
306,94,3,286,1
314,94,7,,
320,94,8,371,1
351,94,1,371,1
385,94,1,374,1
408,94,1,,
434,94,1,291,1
435,94,2,303,1
441,182,1,130,1
448,94,1,291,1
470,94,1,277,1
477,94,1,371,1
557,112,3,178,2
563,94,2,,
576,409,1,286,1
599,94,1,277,1
646,94,2,,
659,94,1,371,1
663,183,1,178,1
665,94,1,371,1
678,277,1,94,1
714,94,1,,
723,94,1,371,1
736,94,2,140,1
742,94,1,277,1
766,94,1,,
779,130,1,112,1
787,94,1,303,1
831,94,1,277,1
854,94,1,371,1
863,94,1,,
883,94,3,,
887,94,1,210,1
908,94,2,148,1
924,94,2,371,1
928,94,1,,
970,178,1,127,1
973,94,2,140,1
979,94,3,149,1
980,94,2,142,1
982,94,1,371,2
1023,178,2,112,1
1042,94,1,,
1098,178,2,184,1
1101,291,1,94,1
1139,94,1,142,1
1161,94,2,371,1
1173,287,1,216,1
1184,94,1,,
1222,94,1,371,1
1227,94,2,158,1
1237,182,1,130,1
1251,94,1,265,1
1259,94,2,,
1275,94,1,291,1
1294,94,1,,
1324,112,8,,
1335,94,1,142,1
1337,94,1,,
1362,94,1,,
1364,94,2,,
1370,178,1,,
1424,94,1,170,1
1425,178,2,184,1
1451,182,1,130,1
1462,94,2,265,1
1474,178,2,184,1
1495,94,2,277,1
1501,94,1,303,1
1599,94,3,277,1
1625,323,2,324,2
1630,178,3,112,1
1651,94,2,265,2
1662,94,1,,
1665,94,2,145,1
1682,94,1,142,1
1715,94,3,371,1
1727,178,1,127,1
1738,94,2,140,1
1773,448,11,252,1
1839,94,1,303,1
1882,409,1,265,1
1890,94,1,,
1900,94,2,277,1
1924,178,3,184,1
1963,94,1,,
1966,94,3,371,1
1978,94,1,,
2017,112,1,130,1
2024,187,1,178,1
2046,291,1,286,1
2047,94,2,371,2
2078,94,1,,
2091,178,2,184,1
2099,112,2,175,1
2100,94,1,291,1
2148,94,2,162,1
2163,94,4,440,1
2167,94,4,171,1
2175,94,1,371,1
2207,94,1,,
2232,112,2,,
2234,94,1,277,1
2253,178,1,127,1
2267,94,1,,
2276,94,1,277,1
2294,94,2,,
2319,178,3,127,1
2344,94,1,,
2358,182,1,130,1
2362,94,1,287,1
2364,350,14,354,1
2376,94,2,160,1
2400,94,1,,
2403,94,2,151,1
2424,94,4,371,1
2434,182,1,130,1
2442,94,1,138,1
2456,94,2,157,1
2479,94,1,,
2516,94,2,371,1
2518,94,1,277,1
2546,94,2,,
2566,94,1,371,1
2597,94,1,303,1
2605,94,1,438,2
2613,94,1,,
2630,94,2,,
2672,94,2,157,1
2696,94,1,291,1
2698,94,1,277,1
2711,94,1,158,1
2776,94,1,,
2785,291,1,94,1
2795,94,1,291,1
2837,94,2,95,1
2852,94,5,140,1
2853,94,1,371,1
2878,178,2,184,1
2908,178,2,184,1
2926,178,3,112,1
3030,371,2,265,1
3040,94,4,95,1
3067,178,3,184,1
3101,94,1,,
3148,94,1,,
3168,94,1,291,1
3175,94,2,277,1
3177,94,1,138,1
3198,291,1,94,1
3223,94,10,371,1
3307,94,4,,
3310,178,1,120,1
3324,94,1,,
3338,94,1,178,1
3342,94,1,146,1
3345,178,2,184,1
3374,94,1,371,1
3383,94,2,,
3397,178,2,184,1
3426,94,1,409,1
3438,178,4,184,1
3445,178,3,112,1
3518,94,4,95,1
3557,94,1,,
3589,94,2,142,1
3619,94,1,,
3620,186,1,183,1
3625,178,1,112,1
3642,94,2,163,1
3677,178,2,108,1
3685,94,1,,
3699,94,1,371,1
3708,178,3,184,1
3712,120,1,112,2
3789,112,2,,
3790,94,3,142,1
3795,94,2,,
3811,94,2,,
3817,112,5,94,1
3828,94,1,147,1
3851,94,1,153,1
3853,216,1,372,1
3893,411,1,313,1
3898,371,1,265,1
3907,182,1,130,1
3926,94,1,409,4
3938,371,1,265,1
3973,94,2,371,1
3996,94,1,371,1
3999,94,2,148,1
4042,94,2,160,1
4043,94,3,371,1
4058,94,2,371,1
4079,182,1,130,1
4088,94,2,371,1
4112,94,3,371,1
4128,182,1,130,1
4131,411,1,94,1
4141,94,3,371,1
4145,94,1,261,2
4162,130,1,182,1
4200,94,2,166,1
4218,182,1,130,1
4219,411,1,313,1
4226,94,1,291,1
4237,94,1,371,1
4249,182,1,130,1
4252,182,1,130,2
4300,182,1,130,1
4305,112,2,130,1
4363,94,1,371,1
4375,182,1,130,1
4411,94,3,371,1
4432,94,2,148,1
4453,94,2,371,1
4491,411,1,94,1
4506,94,1,371,1
4514,94,2,140,1
4520,182,1,130,1
4537,94,1,371,1
4542,94,1,371,1
4554,182,1,130,1
4612,182,1,130,1
4621,94,4,,
4632,94,2,142,1
4662,371,2,265,1
4679,94,2,139,1
4686,182,1,130,1
4713,94,2,371,1
4715,94,1,371,1
4719,94,1,97,1
4747,94,1,158,1
4751,94,2,,
4776,94,3,140,1
4852,130,1,112,2
4863,182,1,130,1
4897,94,2,162,1
4898,94,2,,
4907,94,1,142,1
4952,94,2,145,1
4963,94,2,371,1
4982,94,6,,
5009,94,1,277,1
5054,94,1,438,1
5058,94,1,448,2
5090,94,1,277,1
2,330,1,323,1
5,287,1,94,1
30,94,2,,
31,94,1,277,1
42,94,1,438,1
48,378,1,94,2
67,391,2,,
73,94,2,371,1
107,94,1,291,1
151,448,15,314,1
183,94,1,439,1
206,94,1,438,1
221,178,1,128,1
224,94,1,,
237,178,2,184,1
241,94,2,158,1
266,182,1,130,1
269,94,1,,
271,178,2,120,1
347,94,1,,
376,94,1,371,1
382,94,2,148,1
401,94,3,371,1
424,94,2,303,1
465,94,1,,
478,112,1,119,1
482,94,2,142,1
516,94,1,277,1
517,182,1,130,1
518,94,1,303,1
522,94,1,371,1
527,94,2,,
564,94,1,378,1
571,94,1,277,1
579,94,1,373,1
582,94,1,371,1
588,94,1,277,1
602,94,1,303,1
618,94,1,277,1
662,94,1,291,1
673,94,2,140,1
708,94,1,277,1
725,330,6,,
728,94,3,142,1
755,94,1,371,1
780,94,2,140,1
794,94,1,277,1
837,178,2,184,1
857,409,1,286,1
882,182,1,130,1
895,178,1,120,1
900,94,3,371,1
953,371,2,94,1
958,94,2,371,1
997,94,1,,
1028,94,1,,
1032,94,1,,
1049,178,1,184,1
1083,94,3,154,1
1124,94,1,409,1
1142,94,1,277,1
1150,94,1,371,1
1180,94,1,303,1
1331,94,2,265,1
1361,94,1,277,1
1363,94,2,371,1
1379,94,1,277,1
1382,94,1,277,1
1434,94,1,371,1
1497,94,6,97,1
1519,178,1,120,1
1547,94,1,291,1
1589,94,2,286,1
1597,94,1,371,1
1634,94,2,169,1
1636,178,1,291,1
1653,94,1,,
1700,94,10,95,1
1722,94,1,,
1723,94,1,277,1
1740,94,1,277,1
1746,94,3,,
1769,163,1,94,2
1811,94,1,,
1817,94,1,,
1824,94,3,169,1
1862,94,1,288,1
1884,94,3,382,1
1898,94,1,291,1
1915,94,5,,
1920,94,1,277,1
1983,94,1,,
1991,94,3,,
2049,94,12,371,1
2085,94,7,,
2134,94,1,,
2144,94,2,,
2145,94,1,291,1
2161,94,1,165,1
2164,287,1,372,1
2169,94,4,439,1
2189,94,1,438,1
2202,94,3,,
2256,94,2,,
2262,94,1,277,1
2273,94,1,277,1
2275,94,2,,
2278,291,1,94,1
2279,94,2,140,1
2291,94,2,,
2307,94,1,,
2310,94,2,148,1
2315,94,1,219,1
2324,94,2,303,1
2341,94,2,140,1
2353,237,4,235,1
2375,94,1,291,1
2383,94,1,291,1
2385,112,2,120,1
2414,94,4,,
2441,247,3,241,1
2446,247,1,241,1
2491,94,1,277,1
2494,247,2,245,1
2513,94,2,371,1
2541,94,1,277,1
2549,94,6,148,1
2574,178,5,112,1
2582,94,2,,
2660,94,1,,
2666,178,2,184,1
2685,94,2,140,2
2751,94,1,,
2879,94,4,169,1
2882,247,6,241,1
2883,247,1,241,1
2888,94,2,303,1
2889,94,7,,
2894,178,1,112,2
2897,94,1,,
2919,178,5,108,1
2963,178,2,184,1
3005,94,4,371,1
3094,94,4,,
3115,112,2,116,1
3158,94,1,291,1
3190,243,1,244,4
3224,94,1,277,1
3247,178,2,184,1
3248,94,2,153,1
3282,94,2,371,1
3288,94,2,371,1
3329,94,2,97,1
3331,94,2,293,1
3372,94,1,371,1
3408,178,2,105,1
3442,178,1,120,1
3448,94,1,153,1
3457,247,1,241,1
3472,178,3,184,1
3484,112,5,,
3491,94,1,140,1
3498,94,1,409,1
3546,94,3,155,1
3554,94,1,371,1
3568,178,1,,
3570,178,2,184,1
3576,94,1,,
3587,94,2,167,1
3597,112,2,178,1
3607,178,1,112,1
3608,106,1,178,2
3638,94,2,291,1
3639,94,1,291,1
3662,94,3,,
3681,94,1,,
3688,178,1,120,1
3697,112,1,178,2
3719,178,2,184,1
3730,178,3,184,1
3733,178,1,184,1
3765,94,2,371,1
3779,94,1,,
3801,438,3,94,1
3825,94,1,371,1
3876,94,1,,
3879,411,1,94,2
3886,371,1,410,1
3888,182,1,130,1
3913,180,1,134,1
3955,94,1,97,1
3970,94,2,371,2
4001,94,2,158,1
4028,94,1,371,1
4055,94,2,371,1
4069,112,1,182,1
4106,94,1,371,2
4133,94,2,371,1
4137,182,1,130,1
4144,94,1,371,1
4207,182,1,130,1
4220,182,1,130,2
4241,94,1,371,1
4282,94,2,165,1
4293,94,2,371,1
4308,94,2,95,1
4309,94,3,371,1
4322,94,2,142,1
4327,94,1,265,1
4332,94,1,371,1
4374,94,3,371,1
4382,94,2,152,1
4402,182,1,112,1
4403,94,5,371,1
4423,94,3,371,1
4444,94,1,409,1
4484,94,1,371,1
4497,94,1,143,1
4522,94,4,371,1
4529,94,3,371,1
4570,182,1,130,1
4573,182,1,112,2
4583,182,1,130,1
4611,410,1,411,1
4623,94,2,148,1
4646,94,2,170,1
4665,182,1,130,1
4682,94,1,438,1
4683,94,3,140,1
4684,411,1,,
4694,182,1,130,1
4695,94,3,140,1
4721,94,2,95,1
4762,94,2,142,1
4773,94,4,371,1
4783,94,2,,
4798,94,1,,
4812,182,1,130,1
4814,112,1,,
4870,163,1,94,1
4891,94,2,142,1
4920,94,5,,
4921,94,1,160,1
4968,94,2,149,1
5000,320,1,94,2
5003,438,1,94,1
5014,94,1,448,40
5015,94,1,277,1
5025,94,1,438,1
5033,313,1,216,1
5040,94,1,277,1
5068,448,1,199,1
5103,94,1,277,1
1,94,1,315,1
9,94,4,,
22,94,1,448,2
37,407,1,362,1
66,94,1,277,1
90,94,1,277,1
101,94,1,409,1
119,94,1,,
142,178,2,105,1
154,94,1,277,1
159,94,2,277,1
168,94,1,,
198,94,1,,
240,94,1,277,1
254,94,1,371,1
256,94,1,277,1
263,127,1,112,6
265,94,2,140,1
292,94,1,320,1
316,130,1,112,6
319,94,3,140,1
324,94,2,371,1
330,94,3,140,1
395,94,13,,
396,94,1,,
404,94,1,371,1
407,94,2,149,1
414,94,3,140,1
431,94,1,,
432,94,1,291,1
457,94,2,,
481,94,1,277,1
530,291,1,94,1
539,94,3,371,1
554,94,3,140,1
672,94,1,303,1
690,94,1,277,1
709,291,1,286,1
724,94,4,,
744,178,1,131,1
749,94,2,,
761,94,2,154,1
768,94,3,371,1
776,112,9,,
789,94,1,320,1
851,,,94,2
896,94,3,142,1
897,94,2,142,1
901,94,2,,
904,94,4,371,1
920,94,1,303,1
927,94,1,371,1
955,94,1,,
968,94,1,371,1
974,178,1,120,1
1003,94,3,371,1
1017,112,5,,
1020,94,1,,
1031,94,4,371,1
1040,94,1,277,1
1057,94,4,95,1
1063,283,1,94,1
1071,94,1,291,1
1072,94,1,,
1090,94,2,169,1
1118,94,1,303,1
1165,94,6,371,1
1187,182,1,130,1
1211,94,3,371,1
1241,94,2,148,1
1262,94,1,371,2
1276,94,1,,
1295,94,1,371,1
1303,94,1,,
1314,94,1,,
1316,182,1,130,1
1338,94,5,303,1
1372,94,1,154,1
1400,94,1,277,1
1420,112,3,,
1440,94,3,,
1465,178,2,184,1
1476,94,2,160,1
1521,94,1,277,1
1526,94,2,371,1
1583,94,1,,
1640,94,2,277,1
1675,94,2,,
1711,94,1,277,1
1797,112,2,,
1802,94,2,140,1
1845,94,1,320,1
1852,94,3,,
1860,94,2,140,1
1870,94,1,277,1
1875,94,1,291,1
1886,94,1,371,1
1905,94,2,277,1
1909,94,1,277,1
1931,94,1,277,1
1940,94,2,265,2
1954,94,1,,
2004,94,3,,
2020,94,2,95,1
2048,94,5,,
2062,94,2,140,1
2076,94,2,34,1
2079,94,1,277,1
2093,94,1,277,1
2130,112,6,178,1
2137,291,1,94,2
2191,94,2,166,1
2205,94,4,142,1
2208,94,1,,
2230,247,1,,
2242,94,1,291,1
2263,94,1,291,1
2280,94,2,140,1
2283,94,2,142,1
2317,94,1,291,1
2321,94,1,371,1
2331,94,3,140,1
2355,94,1,277,1
2359,94,1,,
2365,94,2,154,1
2378,94,1,,
2381,94,1,,
2405,94,2,,
2418,112,1,,
2429,94,1,,
2436,94,1,303,1
2448,241,1,247,1
2457,94,1,,
2466,94,1,165,1
2469,247,1,241,1
2488,94,1,,
2489,94,2,166,1
2495,178,1,112,1
2535,94,1,291,1
2559,182,1,130,1
2612,94,2,157,1
2628,94,2,155,1
2669,94,1,,
2679,94,1,371,1
2681,94,1,265,3
2691,247,2,241,1
2697,94,1,277,1
2705,94,1,409,1
2721,238,1,239,2
2749,178,2,184,1
2770,178,2,184,1
2771,448,5,199,1
2860,94,1,,
2876,94,2,36,1
2966,94,4,,
3010,94,2,163,1
3033,94,1,,
3071,178,1,127,1
3075,94,2,291,1
3082,178,2,184,1
3083,94,2,140,1
3085,94,2,140,1
3099,178,2,184,1
3107,94,1,371,1
3124,178,2,112,1
3145,94,1,291,1
3174,94,1,371,1
3191,94,1,291,1
3200,245,1,247,3
3235,94,1,,
3263,94,2,286,1
3315,94,1,,
3323,94,2,,
3335,178,2,184,1
3368,94,3,,
3379,94,1,277,1
3412,112,1,,
3424,94,1,291,1
3429,94,1,138,1
3450,94,1,,
3466,94,1,,
3479,371,1,265,1
3490,94,2,,
3540,112,16,178,2
3542,94,1,277,1
3544,94,1,169,1
3585,94,2,161,1
3586,94,3,,
3675,178,1,120,1
3682,178,2,184,1
3731,94,4,,
3760,94,1,,
3785,112,1,,
3830,94,4,143,1
3871,112,1,,
3896,371,1,261,2
3923,182,1,130,1
3930,94,1,277,1
3960,182,1,130,1
3966,94,2,140,1
3977,94,1,410,1
3987,94,1,265,3
3989,371,2,265,1
4000,94,1,371,1
4008,411,1,,
4041,94,1,371,1
4049,94,2,140,1
4053,94,2,97,1
4063,182,1,130,1
4164,94,2,143,1
4183,94,2,371,1
4185,94,2,154,1
4187,94,1,216,1
4206,371,2,265,1
4221,94,1,371,1
4235,94,2,371,1
4239,94,2,95,1
4247,182,1,130,1
4257,94,1,291,1
4259,94,1,97,1
4265,94,2,169,1
4277,94,4,371,1
4285,94,2,140,1
4299,94,2,303,1
4314,94,3,95,1
4325,182,1,130,1
4347,94,1,371,1
4373,371,1,265,1
4385,94,3,371,1
4395,94,2,371,1
4408,182,1,130,1
4442,182,1,130,1
4450,94,3,169,1
4451,182,1,130,1
4471,182,1,130,1
4478,94,2,170,1
4480,94,1,410,1
4510,94,4,371,1
4533,94,1,216,1
4536,94,2,409,1
4572,130,1,182,1
4578,94,3,157,1
4579,182,1,130,1
4597,94,1,409,1
4603,94,2,371,2
4633,94,2,157,1
4660,94,2,95,1
4699,94,2,371,1
4708,94,2,371,1
4722,182,1,130,1
4725,94,2,371,1
4731,94,2,26,1
4748,94,2,97,1
4752,94,2,140,1
4797,94,2,,
4821,94,1,371,1
4827,130,1,134,1
4831,182,1,112,3
4853,94,2,140,1
4876,94,2,,
4878,94,5,,
4896,94,1,140,1
4935,94,2,95,1
5016,94,1,,
5021,94,1,254,1
5076,94,4,,
5080,94,2,448,2
16,94,1,277,1
18,448,4,94,2
27,94,1,438,1
63,94,2,,
64,94,1,277,1
83,94,1,277,1
100,94,1,,
115,94,1,277,1
125,94,2,448,2
130,178,2,106,1
140,178,1,127,1
153,94,1,277,1
158,130,1,112,1
196,178,2,176,4
247,94,1,277,1
298,94,1,,
312,94,3,140,1
326,216,1,372,1
338,94,2,371,1
362,94,1,371,1
386,94,1,371,1
389,94,1,371,6
397,94,1,277,1
410,94,1,,
425,94,1,,
427,94,1,,
445,94,2,142,1
447,178,3,184,1
450,112,1,178,1
467,94,1,,
486,94,1,277,1
487,94,1,277,1
508,94,2,286,1
520,94,1,277,1
528,94,1,,
533,94,1,277,1
595,94,1,277,1
596,94,1,277,1
643,94,2,286,1
657,94,3,332,1
679,94,1,277,1
680,349,1,354,4
685,112,5,,
718,121,3,178,1
754,94,1,371,1
771,94,3,140,1
796,178,1,127,1
823,94,1,371,1
856,94,2,138,1
884,94,1,371,1
894,94,2,160,1
917,94,1,371,1
932,94,1,,
933,94,1,,
959,94,1,277,1
992,94,4,95,1
1015,94,3,277,1
1022,94,2,,
1029,94,1,142,1
1050,94,1,277,1
1059,94,1,291,1
1069,94,1,277,1
1074,94,1,,
1104,94,1,286,1
1152,130,1,112,2
1157,94,2,371,1
1193,178,2,184,1
1265,178,2,184,2
1306,94,3,371,1
1374,265,1,287,1
1377,94,2,286,1
1389,182,1,130,1
1403,323,3,321,1
1416,182,1,130,1
1428,94,1,,
1430,291,1,94,1
1442,182,1,130,1
1444,233,1,94,1
1461,94,2,95,1
1489,94,1,138,1
1513,94,1,,
1516,112,1,,
1531,94,1,,
1546,94,2,141,1
1562,94,1,154,1
1570,94,2,140,1
1580,94,2,140,1
1613,94,3,371,1
1614,94,1,,
1617,94,1,,
1620,94,1,286,1
1623,94,2,265,1
1661,94,1,,
1693,94,1,291,1
1708,94,1,291,1
1830,287,1,372,1
1953,94,1,,
1972,94,1,277,1
1995,94,2,167,1
2008,94,1,371,1
2067,350,3,354,3
2073,94,3,95,1
2084,94,2,95,1
2113,178,2,108,1
2139,94,2,371,1
2170,94,1,371,1
2172,94,1,,
2243,94,1,277,1
2255,94,3,140,1
2257,94,7,,
2277,94,1,277,1
2281,293,1,286,1
2282,94,2,95,1
2293,94,2,148,1
2323,94,1,277,1
2327,287,1,372,1
2333,287,1,94,1
2343,247,2,245,1
2351,241,1,247,3
2361,438,1,,
2437,94,2,265,1
2439,94,1,303,1
2473,247,1,241,1
2503,94,1,,
2506,94,2,,
2608,94,2,,
2619,94,1,,
2627,94,1,,
2664,178,2,184,1
2703,94,2,169,1
2706,94,1,,
2709,94,2,140,1
2727,178,1,128,1
2758,94,2,371,1
2760,94,3,169,1
2819,94,1,291,1
2828,178,2,184,1
2842,149,1,,
2870,94,1,303,1
2905,186,1,183,1
2912,178,1,128,1
2920,94,1,,
2923,94,1,277,1
2925,94,6,,
2946,94,1,,
2959,178,2,184,1
2976,94,2,,
2984,247,1,241,1
3018,94,3,,
3024,178,2,132,1
3059,178,2,112,1
3077,94,2,97,1
3079,178,1,108,1
3100,94,3,,
3123,178,2,184,1
3125,94,3,,
3171,94,2,154,1
3180,94,2,,
3192,247,3,,
3245,94,2,170,1
3257,112,1,124,1
3265,94,2,,
3266,178,2,184,1
3271,178,2,184,1
3292,94,2,138,1
3305,178,2,184,1
3351,94,1,,
3361,178,2,184,1
3371,94,1,277,1
3402,94,2,140,1
3407,178,7,112,1
3414,178,3,184,1
3420,94,1,371,1
3471,94,2,277,1
3511,94,1,286,1
3577,94,1,,
3588,94,1,,
3601,409,1,286,1
3618,178,3,108,1
3641,178,1,128,1
3668,237,3,236,2
3678,94,3,143,1
3690,94,2,165,1
3792,94,1,,
3808,178,1,112,1
3821,94,2,303,1
3835,94,2,371,1
3855,439,1,94,2
3857,183,1,186,1
3860,178,1,131,1
3903,94,1,371,1
3928,130,1,179,1
3946,371,2,94,2
3948,182,1,112,1
3969,130,1,112,1
3984,94,2,371,1
3997,94,2,303,1
4011,182,1,130,1
4016,94,2,371,1
4023,182,1,130,1
4035,94,2,140,1
4038,94,1,371,1
4096,94,2,261,1
4143,94,1,371,1
4146,94,2,371,1
4149,94,1,371,1
4155,94,2,142,1
4172,182,1,130,1
4214,182,1,130,1
4223,94,1,371,1
4260,94,2,371,1
4274,94,1,371,1
4306,182,1,130,1
4320,94,1,371,1
4378,130,1,182,1
4412,94,1,371,2
4437,94,1,371,1
4461,130,1,112,1
4466,182,1,130,1
4472,94,1,371,2
4482,182,1,130,1
4501,94,2,140,1
4545,182,1,112,1
4550,94,3,371,1
4553,182,1,130,1
4555,130,1,134,1
4586,94,1,371,1
4593,94,2,95,1
4613,94,2,145,1
4619,409,1,265,1
4624,94,2,371,1
4648,94,2,167,1
4655,94,2,138,1
4709,94,1,410,1
4717,182,1,130,1
4726,94,2,371,1
4739,94,2,165,1
4755,94,2,,
4784,94,2,169,1
4790,94,2,,
4801,94,1,,
4803,94,2,170,1
4806,94,2,140,1
4833,94,1,,
4860,143,1,,
4884,94,1,371,1
4899,94,2,158,1
4917,94,1,,
4923,94,2,,
4937,94,1,,
4948,94,1,,
4950,94,1,,
4958,94,1,,
4960,94,1,,
4978,94,1,,
5019,94,1,277,1
5020,247,1,241,1
5026,178,1,,
5041,94,1,277,1
5056,94,1,277,1
5094,94,1,277,1
5101,371,1,372,1
5112,94,2,,
5113,277,1,94,2
7,94,1,277,1
39,94,1,277,1
51,94,1,277,1
56,94,2,286,1
77,448,8,289,1
96,438,1,94,1
98,94,1,277,1
105,94,1,303,1
131,94,1,277,1
162,94,3,286,1
187,94,1,,
244,94,2,140,1
250,183,2,185,1
281,94,1,371,1
289,94,1,277,1
297,94,1,277,1
318,94,1,,
336,94,1,303,1
344,94,3,371,1
377,94,3,,
491,94,1,277,1
496,183,2,112,1
561,94,1,277,1
581,94,3,140,1
597,277,1,94,1
607,94,4,438,1
612,94,1,277,1
615,94,1,277,1
674,94,2,,
677,94,1,,
689,94,1,,
698,94,1,438,1
743,94,1,409,1
764,94,1,371,1
812,94,5,371,1
839,94,1,,
845,448,29,94,2
850,94,1,277,1
859,94,1,439,1
869,94,1,303,1
905,94,1,291,1
919,94,2,,
929,182,1,130,1
954,94,2,,
967,94,2,95,1
983,448,1,94,1
1013,94,1,,
1039,94,2,95,1
1043,287,1,94,1
1129,94,1,291,1
1132,112,1,111,2
1136,94,2,371,4
1156,371,1,265,1
1163,94,16,171,1
1172,265,1,287,1
1189,94,2,371,1
1198,94,2,,
1218,94,1,,
1234,94,1,277,1
1257,94,1,357,1
1267,94,1,140,1
1290,448,126,,
1292,94,1,291,1
1297,94,2,140,1
1300,94,2,148,1
1353,94,1,,
1366,94,5,,
1367,94,2,160,1
1399,94,2,140,1
1412,94,2,95,1
1421,94,2,,
1499,94,2,,
1505,94,1,148,1
1527,94,2,371,1
1541,94,2,,
1586,94,1,,
1593,94,2,371,1
1601,94,1,277,1
1609,94,2,140,1
1615,291,1,94,1
1685,94,1,,
1699,94,1,138,1
1709,94,1,277,1
1717,94,3,,
1733,94,1,,
1741,94,1,371,1
1752,94,1,277,1
1760,94,1,277,1
1763,94,1,160,1
1787,94,1,371,1
1820,94,3,,
1848,94,1,291,1
1868,178,1,127,1
1873,94,1,,
1883,94,4,,
1918,94,1,,
1927,94,1,,
1965,94,1,,
1970,94,2,162,1
1979,94,2,,
1985,178,2,184,1
2003,94,1,,
2005,94,1,303,1
2007,130,1,112,2
2042,94,1,,
2055,112,1,186,1
2072,94,1,277,1
2086,94,1,,
2109,112,1,,
2120,94,2,143,1
2221,94,1,303,1
2241,94,1,,
2248,94,1,,
2251,241,2,247,1
2269,94,1,277,1
2274,94,2,157,1
2287,94,3,,
2290,182,1,130,1
2342,94,1,303,1
2347,247,1,241,1
2386,182,1,130,1
2395,94,1,409,4
2409,94,1,277,1
2413,247,5,241,1
2428,94,2,,
2451,94,2,,
2492,94,1,,
2534,247,1,241,1
2553,247,1,,
2600,94,2,148,1
2611,94,4,,
2637,94,1,,
2639,94,1,277,1
2650,94,1,277,1
2657,94,1,277,1
2676,277,1,,
2701,247,3,,
2702,94,1,291,1
2720,247,1,241,1
2728,94,1,,
2741,94,1,,
2743,94,1,277,1
2745,112,4,178,2
2754,182,1,130,2
2775,94,1,,
2802,94,1,,
2806,247,3,241,1
2809,178,2,184,1
2818,112,17,,
2832,94,1,148,1
2861,94,2,,
2864,94,3,,
2890,94,2,141,1
2915,178,2,112,1
2916,94,1,157,1
2933,94,4,,
2978,94,2,72,1
2983,94,4,,
2997,178,2,176,5
3012,94,2,159,1
3055,182,1,130,1
3093,186,1,183,1
3104,94,1,160,1
3121,94,1,,
3138,247,3,241,1
3143,94,1,371,2
3197,354,1,349,1
3209,247,1,,
3240,94,3,371,1
3242,94,1,291,1
3243,178,2,184,1
3259,291,1,94,1
3260,94,1,303,1
3261,,,112,2
3264,182,1,130,1
3274,94,1,,
3299,178,1,184,1
3314,94,2,409,1
3322,178,1,127,1
3352,94,1,146,1
3360,178,1,112,1
3365,94,1,,
3389,94,1,143,1
3447,94,1,277,1
3458,94,1,,
3462,241,1,247,1
3477,94,1,,
3489,94,3,,
3496,94,8,440,1
3550,178,2,105,1
3600,178,1,112,1
3613,117,2,178,1
3632,178,1,120,1
3635,178,1,184,1
3644,178,1,184,1
3659,94,1,,
3661,94,1,,
3663,248,1,243,1
3691,94,1,277,1
3695,94,1,,
3717,94,1,,
3751,185,1,112,2
3783,94,1,,
3836,178,2,184,1
3850,184,1,186,2
3900,95,1,34,1
3931,182,1,130,1
3974,94,4,371,1
3988,94,2,303,1
3994,182,1,130,1
3998,94,2,371,1
4013,94,1,371,1
4044,94,2,158,1
4089,371,12,265,1
4104,182,1,130,1
4111,94,4,95,1
4154,94,2,371,1
4188,94,2,371,1
4202,94,1,410,1
4250,94,2,169,1
4296,94,4,371,1
4304,94,2,140,1
4310,182,1,130,1
4336,94,2,97,1
4337,94,1,409,1
4341,94,1,371,1
4353,130,2,179,1
4365,94,1,371,1
4372,94,2,371,1
4377,94,1,371,1
4379,94,1,261,1
4413,94,1,438,1
4493,94,2,157,1
4499,94,5,371,1
4505,94,2,154,1
4517,94,1,371,1
4531,94,2,371,1
4556,94,1,291,1
4559,130,1,112,1
4584,182,1,130,1
4620,94,1,371,1
4627,94,2,371,1
4628,94,2,143,1
4634,94,6,95,1
4636,94,2,95,1
4650,182,1,130,1
4671,182,1,130,1
4688,112,1,130,1
4698,94,3,95,1
4729,94,2,,
4733,94,1,,
4741,94,1,371,1
4745,94,4,371,2
4758,94,2,145,1
4793,94,1,157,1
4815,94,13,,
4819,94,2,154,1
4837,94,2,157,1
4845,94,3,140,1
4864,94,2,371,1
4925,94,2,160,1
4928,94,1,371,1
4941,94,15,,
4945,94,2,138,1
4953,94,2,,
4961,94,2,95,1
4973,94,1,,
4998,94,1,277,1
5028,94,1,277,1
5029,94,1,277,1
5050,94,1,277,1
5064,94,2,286,1
5099,94,1,448,8
5115,94,2,,
12,199,1,197,1
23,405,1,,
34,448,15,259,1
91,94,2,163,1
117,178,2,184,1
152,448,4,94,1
178,94,1,320,1
184,94,1,284,1
200,94,2,371,1
201,319,1,94,1
232,94,3,371,1
267,94,2,148,1
291,94,2,170,1
294,94,2,153,1
295,94,1,154,1
317,178,1,112,1
328,94,1,148,1
353,445,1,438,1
355,94,1,,
357,178,2,184,1
402,94,1,277,1
416,94,1,,
428,94,2,169,1
433,94,1,371,1
451,183,1,186,1
525,94,1,,
532,92,1,95,1
553,94,3,371,1
584,94,2,138,1
635,94,1,,
654,287,1,94,3
655,94,1,277,1
667,94,1,277,1
670,94,1,277,1
702,94,3,373,1
783,443,1,391,1
788,94,1,277,1
800,178,1,120,1
835,287,1,94,1
849,94,2,146,1
858,94,4,277,1
890,94,1,,
952,94,2,,
990,94,1,,
993,94,3,140,1
1019,94,2,,
1036,94,3,277,1
1041,448,10,94,1
1044,94,2,169,1
1070,94,2,,
1115,94,1,291,1
1126,94,1,,
1130,94,2,371,1
1141,112,2,,
1164,94,1,,
1229,94,2,170,1
1252,94,1,371,1
1279,94,1,277,1
1405,178,1,127,1
1406,94,2,,
1427,94,2,,
1438,94,1,,
1446,448,1,94,1
1466,182,1,130,1
1469,94,2,,
1502,94,2,141,1
1515,94,2,140,1
1529,94,4,95,1
1534,94,1,277,1
1540,94,2,148,1
1548,112,2,94,1
1552,94,1,,
1560,94,2,,
1650,178,2,184,1
1687,94,1,277,1
1692,94,1,,
1698,94,1,,
1726,94,3,160,1
1739,94,1,303,1
1765,94,1,277,1
1790,354,26,349,1
1803,94,1,287,1
1877,94,1,140,1
1887,94,8,438,1
1933,94,2,,
1961,178,1,131,1
1975,94,3,,
1990,94,1,277,1
2022,178,1,176,5
2023,94,1,371,1
2038,94,2,371,1
2050,94,5,140,1
2060,94,2,140,1
2070,216,1,372,1
2075,94,1,277,1
2102,94,5,,
2111,94,1,,
2115,94,4,97,1
2124,94,2,138,1
2131,94,1,277,1
2158,94,2,371,1
2185,94,1,,
2270,247,2,245,1
2306,358,2,,
2332,94,1,,
2360,94,3,,
2390,94,2,,
2392,178,2,105,1
2396,182,1,130,1
2410,94,2,286,1
2420,94,2,142,1
2421,94,3,,
2440,94,1,277,1
2444,247,1,241,1
2452,94,2,371,2
2476,94,1,,
2571,94,7,,
2577,94,2,143,1
2584,94,1,371,1
2585,289,1,448,27
2606,371,1,140,1
2610,178,2,184,1
2656,94,2,97,1
2675,94,3,,
2713,94,4,,
2724,178,1,184,1
2738,94,1,,
2744,94,1,137,1
2747,178,2,112,1
2752,94,1,277,1
2777,247,1,241,1
2783,94,1,,
2823,178,2,184,1
2835,182,1,130,1
2846,178,2,106,1
2850,178,2,184,1
2858,178,1,120,1
2863,94,8,,
2872,94,2,95,1
2874,94,2,142,1
2929,94,1,,
2938,178,2,184,1
2961,94,1,277,1
2973,94,3,,
3008,94,1,97,1
3042,94,2,,
3103,94,1,162,1
3132,237,4,235,1
3135,112,5,,
3150,95,1,34,1
3161,94,1,,
3220,94,1,291,1
3221,94,1,,
3237,94,2,138,1
3269,94,7,,
3270,178,1,131,2
3276,94,2,158,1
3281,183,1,112,1
3290,94,1,303,1
3311,409,1,265,1
3353,94,1,,
3362,94,1,303,1
3373,94,2,157,1
3377,94,1,,
3380,178,2,176,5
3435,94,1,371,1
3441,94,2,139,1
3451,94,1,142,1
3486,178,2,105,1
3495,94,1,,
3512,94,5,,
3556,178,1,127,1
3564,112,9,183,1
3628,94,1,,
3652,237,3,235,1
3734,94,2,264,1
3759,183,1,112,2
3799,178,1,184,1
3852,112,1,178,2
3854,438,1,94,4
3947,94,1,371,1
3958,371,1,410,1
4003,94,1,371,1
4012,94,1,371,1
4030,94,2,371,1
4051,182,1,130,1
4060,94,1,371,1
4068,94,2,95,1
4075,94,3,38,1
4076,94,1,371,1
4090,182,1,130,2
4139,182,1,130,1
4150,94,1,371,1
4179,94,3,170,1
4180,94,3,371,1
4201,94,3,371,1
4233,182,1,130,1
4246,182,1,130,2
4248,130,1,182,1
4276,182,1,130,1
4324,130,1,182,1
4331,94,1,371,1
4340,94,1,371,1
4348,94,4,140,1
4362,94,1,371,1
4422,94,2,97,1
4426,94,1,140,1
4445,182,1,130,1
4446,182,1,130,1
4492,182,1,130,2
4495,94,7,371,1
4528,94,2,140,1
4560,94,2,371,1
4565,94,2,371,1
4575,94,2,160,1
4577,94,3,138,1
4601,94,3,371,1
4642,94,4,72,1
4657,94,2,149,1
4664,94,9,409,1
4668,94,2,371,1
4669,182,1,130,1
4696,94,1,371,1
4697,94,2,371,1
4732,94,1,,
4744,94,2,,
4759,182,1,112,1
4780,94,4,371,1
4787,130,1,134,1
4788,94,1,291,1
4820,94,1,,
4832,94,4,,
4841,94,1,,
4880,94,1,371,1
4902,94,1,140,1
4924,94,1,170,1
4985,94,1,277,1
5031,94,3,448,3
5074,94,1,277,1
5075,178,1,112,1
5088,94,1,277,1
5096,94,1,,
5114,448,1,94,1
69,94,1,277,1
108,94,2,,
121,94,1,277,1
141,94,1,,
164,94,1,277,1
185,178,3,184,1
218,,,94,2
234,94,1,371,1
239,94,2,,
261,94,5,371,1
288,94,1,409,2
333,94,1,371,1
339,94,3,140,1
341,94,1,,
349,94,2,,
375,94,2,,
398,94,1,303,2
463,178,2,184,1
475,382,1,320,1
503,94,2,140,1
543,94,1,277,1
551,94,2,371,1
605,178,1,120,1
610,94,1,277,1
632,182,1,130,1
711,94,1,97,1
757,94,1,291,1
773,178,2,184,1
808,438,1,323,1
821,94,1,261,1
824,94,3,,
826,94,2,371,1
830,94,2,438,1
853,409,1,286,1
855,94,1,140,1
875,94,2,265,1
879,94,2,95,1
891,94,1,303,1
913,112,5,178,3
931,94,2,,
934,94,1,,
939,178,1,116,1
942,94,2,,
956,94,2,148,1
962,94,2,,
966,94,1,371,1
1047,112,1,94,2
1054,438,1,94,1
1061,94,1,277,1
1067,130,1,134,1
1076,94,2,,
1079,94,1,277,1
1086,94,1,,
1137,313,1,216,1
1148,94,2,138,1
1176,94,1,277,1
1200,112,1,178,1
1201,94,1,,
1269,94,5,,
1282,94,1,,
1285,94,4,,
1296,94,1,409,1
1301,94,2,286,1
1319,178,2,108,1
1329,94,1,,
1350,94,2,140,1
1437,94,4,95,1
1460,94,2,,
1471,94,1,371,1
1504,94,2,95,1
1528,178,2,184,1
1542,94,1,371,1
1575,94,1,277,1
1582,94,1,,
1612,94,1,291,1
1624,94,1,371,1
1628,178,1,112,1
1639,94,1,371,1
1645,94,2,,
1646,94,1,,
1652,94,1,277,1
1672,95,1,36,1
1736,94,1,277,1
1747,94,1,277,1
1750,94,1,409,1
1761,94,1,277,1
1774,94,1,277,1
1775,94,1,277,1
1791,94,2,372,1
1828,112,2,178,1
1838,94,1,169,1
1878,94,1,277,1
1923,94,4,149,1
1938,94,1,439,1
1943,94,1,277,1
1945,178,2,108,1
1952,94,2,371,1
2019,94,1,438,1
2033,94,1,291,1
2087,94,2,,
2095,94,3,371,1
2146,264,1,94,1
2181,323,5,319,1
2228,316,3,317,3
2229,247,1,241,1
2258,94,1,291,1
2309,94,5,,
2352,247,1,241,1
2366,94,1,291,1
2397,94,1,277,1
2427,94,8,,
2465,94,1,,
2480,94,2,169,1
2482,94,3,140,1
2487,94,1,291,1
2493,94,1,381,1
2502,182,1,130,1
2508,182,1,130,1
2523,94,2,141,1
2547,94,2,,
2548,94,1,291,1
2595,94,1,,
2603,247,3,241,1
2624,94,1,170,1
2636,94,2,169,1
2654,94,6,161,1
2699,94,2,141,1
2733,94,3,165,1
2746,94,1,303,1
2757,178,1,184,1
2765,94,1,,
2856,178,2,184,1
2862,94,2,,
2952,112,4,178,1
2955,178,2,184,1
2979,94,2,140,1
2991,178,3,184,1
3031,94,1,,
3060,178,1,184,1
3089,94,1,,
3102,94,1,291,2
3113,94,1,291,1
3130,178,3,184,1
3146,94,2,149,1
3172,94,1,144,1
3185,94,1,291,1
3189,237,4,235,1
3193,247,3,241,1
3211,354,1,350,1
3246,178,2,184,1
3250,94,1,291,1
3277,94,1,148,1
3294,94,1,,
3301,112,1,178,1
3341,94,1,158,1
3367,94,3,,
3375,94,2,96,1
3388,94,3,,
3418,94,2,,
3470,94,4,,
3502,94,2,154,1
3504,94,1,,
3505,94,2,,
3523,178,1,120,1
3531,127,1,178,1
3537,438,2,94,4
3578,178,1,127,1
3583,94,2,147,1
3584,94,1,357,1
3595,94,1,,
3606,178,1,291,1
3610,178,1,128,1
3634,94,2,,
3686,94,1,97,1
3711,183,1,112,1
3745,178,2,184,1
3755,94,1,,
3771,94,3,,
3778,136,1,173,1
3833,94,1,,
3865,94,1,371,1
3870,94,1,158,1
3874,178,3,184,1
3891,94,3,371,1
3905,94,2,371,1
3912,94,2,95,1
3929,94,1,97,1
3980,94,1,371,1
3993,94,2,371,1
4010,182,1,130,1
4014,182,1,130,4
4037,94,1,439,1
4048,130,1,182,1
4061,94,1,371,1
4064,94,3,371,1
4066,182,1,130,1
4081,94,4,371,1
4124,94,2,97,1
4140,94,2,169,1
4147,94,1,410,1
4169,182,1,130,1
4228,94,3,165,1
4236,94,3,169,1
4263,94,2,169,1
4294,94,10,168,1
4302,94,2,371,1
4370,182,1,130,1
4384,182,1,130,1
4396,94,3,303,1
4427,94,3,26,1
4434,94,2,157,1
4469,182,1,130,1
4486,94,3,167,1
4518,94,1,371,1
4521,112,2,130,1
4527,182,1,130,1
4548,94,1,371,1
4582,94,2,142,1
4588,94,2,140,1
4589,182,1,130,1
4598,94,2,438,1
4605,182,1,130,1
4617,130,1,182,1
4637,94,1,371,2
4653,94,2,371,1
4670,94,2,,
4678,182,1,130,1
4680,182,1,130,1
4693,94,2,146,1
4757,94,2,97,1
4817,94,2,140,1
4847,94,1,,
4856,94,1,140,1
4875,94,3,154,1
4911,94,1,371,1
4943,94,4,,
4981,94,1,277,1
5043,130,1,112,3
5109,94,1,,
5111,94,1,448,2
14,448,27,280,1
44,320,1,94,2
46,94,6,326,1
55,94,3,,
104,409,1,286,1
132,94,1,277,1
150,94,1,277,1
176,94,1,277,1
188,291,1,94,1
203,94,1,277,1
217,94,1,277,1
219,94,1,371,1
279,94,1,,
284,94,1,277,1
309,94,1,371,1
358,94,2,138,1
360,94,2,157,1
368,94,1,438,1
373,178,1,112,1
374,94,1,277,1
392,94,3,371,2
399,94,1,,
409,94,1,291,1
471,94,1,277,1
489,94,1,277,1
494,94,1,371,1
495,178,2,176,5
515,94,1,277,1
540,178,1,,
544,94,1,371,1
574,94,1,277,1
611,94,2,286,1
614,94,3,371,1
623,287,1,94,1
625,94,2,140,1
681,94,1,277,1
693,216,1,372,1
700,94,4,138,1
804,94,1,,
834,94,1,303,1
860,94,1,,
922,94,1,438,1
943,94,2,286,1
944,94,6,,
947,94,2,170,1
949,94,1,,
978,94,6,,
986,94,1,371,1
987,94,1,371,1
1008,94,3,371,1
1014,283,1,94,1
1052,178,2,184,1
1056,94,1,142,1
1068,94,1,277,1
1075,178,2,184,1
1082,94,2,,
1123,94,1,277,1
1151,94,5,,
1162,94,1,371,1
1194,94,1,371,1
1199,94,2,145,1
1232,178,1,127,1
1288,94,1,371,1
1318,371,1,265,1
1332,94,1,153,1
1356,94,1,,
1375,94,2,,
1388,94,2,,
1397,94,1,,
1414,182,1,130,1
1426,94,1,,
1436,178,2,184,1
1439,178,2,184,1
1445,94,1,277,1
1458,94,2,409,1
1464,94,1,277,1
1482,94,2,,
1483,127,1,112,1
1488,94,4,,
1514,94,1,320,1
1523,178,2,184,1
1538,94,1,371,1
1545,94,1,277,2
1603,94,1,265,1
1660,94,11,371,1
1705,94,1,371,1
1720,94,1,,
1793,94,3,138,1
1800,94,3,371,1
1819,112,6,,
1841,94,1,409,1
1850,94,2,142,1
1891,94,3,,
1894,94,1,291,1
1912,94,2,371,1
1929,112,14,183,1
1955,178,4,184,1
2031,94,1,138,1
2037,94,5,,
2069,94,1,277,1
2106,94,2,169,1
2116,94,1,142,1
2118,178,3,127,1
2123,94,1,,
2126,94,3,,
2142,94,1,,
2213,94,1,165,1
2246,178,1,127,1
2259,94,1,,
2296,94,1,,
2300,94,2,142,1
2328,178,1,120,1
2348,182,1,130,1
2443,287,1,94,2
2481,94,3,371,1
2499,94,2,,
2500,94,4,,
2527,94,1,,
2561,247,1,241,1
2565,94,1,,
2575,94,1,277,1
2604,241,1,247,1
2614,94,2,,
2626,94,1,291,1
2643,94,2,277,2
2684,287,1,94,1
2700,94,1,,
2768,94,1,,
2781,247,1,241,1
2788,94,2,,
2794,94,1,371,1
2807,241,1,247,1
2813,112,1,,
2820,178,2,112,1
2839,94,3,148,1
2854,94,1,148,1
2902,178,2,184,1
2914,247,2,241,1
2922,178,2,184,1
2936,94,2,286,1
2942,178,3,112,1
2947,94,1,,
2956,94,3,,
2962,94,3,,
2975,94,4,,
2985,94,1,,
2996,178,2,184,1
3001,94,3,,
3003,112,5,,
3006,178,2,184,1
3021,94,2,,
3023,178,1,112,1
3050,178,2,184,1
3056,94,1,291,1
3058,94,2,163,1
3072,178,1,112,1
3092,94,2,,
3110,94,14,,
3114,112,2,178,4
3153,94,2,142,1
3162,94,2,140,1
3222,94,3,,
3234,94,2,,
3253,291,1,94,1
3268,94,4,,
3291,94,3,146,1
3318,94,1,277,1
3326,94,1,277,1
3422,94,3,95,1
3434,94,1,,
3467,94,3,157,1
3499,94,3,,
3530,94,1,72,1
3551,94,1,371,2
3563,94,1,265,1
3566,94,2,,
3575,178,2,184,1
3592,178,1,127,1
3612,178,3,184,1
3658,247,1,241,1
3676,178,1,132,1
3692,94,1,,
3696,94,1,,
3701,94,1,160,1
3739,183,1,112,1
3757,94,2,,
3758,112,1,,
3766,94,6,,
3787,94,2,95,1
3812,112,12,,
3890,182,1,130,2
3906,94,1,439,1
3909,94,1,410,1
3920,182,1,112,1
3934,94,1,371,1
3935,182,1,130,1
3968,182,1,130,1
3991,94,2,72,1
4017,94,3,371,1
4094,182,1,130,1
4097,94,1,277,1
4099,94,2,158,1
4138,94,2,371,1
4157,94,2,157,1
4170,182,1,130,1
4181,94,2,371,1
4193,94,2,371,1
4230,94,3,140,1
4270,182,1,130,1
4280,94,2,141,1
4326,182,1,130,1
4364,94,4,371,2
4387,94,1,277,1
4416,94,1,95,1
4454,94,5,95,1
4508,94,2,371,1
4562,94,2,371,1
4564,94,2,140,1
4610,94,3,371,1
4626,182,1,130,1
4658,411,1,313,1
4661,182,1,130,1
4705,94,2,163,1
4767,182,1,130,1
4774,94,1,,
4828,94,1,,
4851,94,2,140,1
4931,94,1,,
4970,94,2,142,1
4972,94,1,,
4975,94,2,142,1
5084,94,1,277,1
5085,94,1,277,1
5097,94,1,448,2
5117,259,1,448,1
20,94,1,,
45,448,9,94,1
47,94,1,277,1
52,94,1,277,1
53,448,2,,
70,448,1,94,1
74,94,1,277,1
116,94,1,448,2
123,178,3,184,1
126,94,2,143,1
127,183,1,112,6
134,94,1,277,1
145,94,1,320,1
146,94,1,277,1
148,409,3,265,1
202,94,1,277,1
214,94,1,277,1
228,94,1,142,1
245,94,2,,
274,112,1,,
280,94,5,142,1
322,94,1,371,1
329,94,2,149,1
345,94,1,,
346,265,1,287,1
390,94,1,140,1
394,94,1,,
449,178,1,131,1
461,94,1,141,1
479,94,2,140,1
484,94,3,371,1
488,94,2,438,1
492,94,1,286,1
504,94,1,277,1
529,94,5,371,1
531,94,1,,
536,182,1,130,1
538,94,8,371,1
546,94,1,291,1
552,322,2,,
572,94,1,,
594,94,2,158,1
608,94,1,371,2
619,178,1,184,1
641,94,2,140,1
645,94,2,153,1
664,94,1,447,1
669,112,1,178,2
683,94,2,154,1
694,94,1,277,1
719,94,1,277,1
732,94,1,277,1
733,94,1,277,1
746,94,1,277,1
844,178,2,176,5
848,182,1,130,1
872,94,1,,
889,178,2,184,1
893,183,2,112,1
935,94,2,,
951,371,1,410,1
971,94,1,277,1
972,94,1,,
996,94,1,190,2
1007,94,1,,
1011,94,1,277,1
1024,178,2,184,1
1081,94,1,,
1102,94,4,371,1
1159,94,1,277,1
1215,94,1,409,1
1263,94,2,157,1
1284,94,2,95,1
1289,94,1,168,1
1307,94,1,409,1
1328,94,1,277,1
1344,94,2,,
1357,94,2,,
1359,94,2,265,1
1369,94,2,371,1
1378,112,1,,
1383,94,1,277,1
1387,178,2,106,1
1394,94,1,277,1
1410,94,9,,
1422,178,3,184,1
1443,94,5,,
1459,94,2,169,1
1478,94,2,160,1
1486,94,1,277,1
1493,94,2,265,1
1509,94,2,140,1
1525,145,1,,
1530,94,1,,
1536,94,2,149,1
1554,94,1,291,1
1561,303,1,,
1584,94,1,438,1
1590,130,1,112,2
1591,121,1,119,1
1596,94,1,371,1
1602,94,3,371,1
1611,94,1,277,1
1622,94,2,371,1
1626,94,2,371,1
1649,178,2,184,1
1654,178,2,184,1
1657,178,2,184,1
1680,94,2,147,1
1729,94,1,,
1730,94,1,,
1748,94,1,371,1
1755,94,1,277,1
1759,94,2,140,1
1762,94,1,265,1
1768,94,2,,
1815,178,2,106,1
1849,94,2,157,1
1851,94,1,371,1
1859,94,2,,
1865,178,2,108,1
1874,94,2,,
1942,94,1,291,1
1987,94,5,371,1
1988,94,2,142,1
2002,94,1,371,1
2014,178,1,184,1
2028,94,2,140,1
2045,94,1,291,1
2057,94,1,,
2066,178,2,184,1
2081,178,4,184,1
2122,94,1,371,1
2160,409,1,286,1
2166,94,1,,
2168,94,1,,
2204,94,1,291,1
2217,94,1,409,1
2219,94,3,140,1
2231,94,1,371,1
2236,94,3,277,1
2247,350,18,349,1
2285,94,1,265,1
2314,94,1,291,1
2322,247,1,238,1
2340,247,2,241,1
2356,247,2,241,1
2363,94,1,,
2370,94,1,277,1
2415,294,1,94,1
2472,94,1,,
2497,94,1,303,1
2512,94,1,,
2515,94,2,,
2531,94,2,,
2629,94,1,291,1
2634,94,2,371,1
2642,178,1,127,1
2644,438,1,,
2688,94,1,,
2714,94,2,170,1
2717,247,3,241,1
2718,112,8,,
2790,,,94,2
2816,94,1,,
2843,112,1,,
2855,94,2,143,1
2867,112,1,124,1
2911,247,1,,
2913,94,1,,
2921,178,2,184,1
2943,94,1,,
2957,94,1,,
3035,178,3,184,1
3038,94,1,,
3076,178,2,184,1
3086,94,2,,
3090,94,1,,
3131,247,1,241,1
3140,94,2,162,1
3176,178,1,112,1
3179,94,3,,
3183,94,2,142,1
3194,241,1,247,1
3212,94,1,72,1
3229,94,1,,
3284,178,2,184,1
3308,94,1,303,1
3317,94,1,,
3319,94,1,277,1
3336,94,4,,
3363,94,2,,
3425,178,2,184,1
3461,94,1,371,1
3469,94,1,,
3473,94,1,,
3515,178,1,120,1
3527,94,1,261,1
3533,94,2,162,1
3538,94,2,169,1
3553,178,2,184,1
3558,112,1,,
3630,178,2,184,1
3645,438,1,,
3715,178,1,184,1
3718,94,1,,
3722,94,1,,
3732,94,1,371,1
3769,94,3,140,1
3772,178,5,112,4
3773,94,2,,
3780,178,2,120,1
3782,112,2,,
3798,94,1,145,2
3838,136,1,175,1
3862,94,4,,
3864,94,15,,
3908,182,1,130,1
3939,94,1,371,1
3961,182,1,130,1
3976,94,2,140,1
3986,94,1,97,1
4009,94,3,371,1
4022,182,1,130,1
4027,94,3,140,1
4039,130,1,182,1
4056,94,3,168,1
4062,112,1,182,1
4065,94,2,142,1
4130,94,1,409,1
4132,94,3,371,1
4135,94,1,371,3
4208,130,1,112,1
4217,94,1,265,1
4222,94,1,140,1
4266,94,2,371,1
4288,94,3,169,1
4290,94,2,140,1
4303,182,1,130,2
4368,182,1,130,1
4401,182,1,130,1
4406,182,1,130,1
4421,94,3,371,1
4447,94,1,371,1
4452,130,1,112,1
4523,94,2,371,1
4524,94,2,371,1
4534,182,1,130,1
4541,182,1,130,1
4599,182,1,130,2
4649,94,3,303,1
4673,94,2,148,1
4690,94,1,142,1
4691,94,5,371,3
4702,94,2,169,1
4724,182,1,130,1
4735,94,1,371,1
4738,94,1,,
4781,291,1,,
4835,94,1,,
4836,94,2,,
4838,94,3,138,1
4839,94,2,,
4844,94,2,139,1
4849,94,3,,
4862,94,6,95,1
4867,94,1,,
4871,94,2,145,1
4888,94,2,142,1
4901,94,1,141,1
4909,94,2,163,1
4916,94,1,,
4936,94,5,,
4940,94,1,,
4988,94,1,320,1
4993,448,26,289,1
5032,448,15,446,1
5053,287,1,94,1
5065,94,1,277,1
5070,448,1,314,1
5073,94,1,,
5093,94,1,277,1
5108,94,1,277,1
5118,94,1,,
8,94,1,277,1
25,94,1,277,1
62,94,3,371,1
169,448,1,94,1
182,94,1,277,1
210,94,1,409,1
216,94,4,,
252,94,1,,
262,94,2,167,1
286,94,1,277,1
300,178,2,112,2
325,178,2,184,1
334,178,1,112,1
359,94,1,,
406,94,3,,
419,94,2,157,2
422,94,1,140,1
446,94,1,,
459,94,1,287,1
512,94,1,438,1
556,277,1,94,1
577,94,2,170,1
585,94,4,,
590,95,1,26,1
593,94,1,,
598,94,2,142,1
616,94,1,277,1
624,94,1,277,1
634,94,1,190,2
658,94,2,95,1
668,94,1,277,1
751,94,1,,
767,178,1,127,1
781,94,1,,
786,94,1,371,1
814,391,2,,
816,94,2,371,1
818,94,1,,
840,94,1,138,1
861,94,1,277,1
864,94,1,,
874,94,1,371,1
880,94,3,,
998,94,2,371,1
1004,112,1,120,1
1027,94,3,,
1046,183,1,112,7
1062,178,1,184,1
1097,94,1,,
1099,94,4,,
1103,94,2,,
1109,94,2,167,1
1117,130,1,112,1
1133,291,1,94,2
1143,94,1,,
1168,94,2,371,1
1170,94,1,,
1178,94,1,371,1
1197,182,1,130,1
1208,94,1,371,1
1236,94,3,371,1
1243,178,2,184,1
1245,94,1,277,1
1253,94,1,371,1
1255,94,2,265,2
1261,94,6,,
1266,182,1,130,1
1268,94,1,277,1
1286,178,3,94,1
1299,94,1,371,1
1304,94,1,371,1
1311,94,1,335,1
1312,94,2,277,1
1315,178,2,184,1
1365,94,9,97,1
1373,94,1,,
1384,94,3,372,1
1431,94,2,140,1
1472,178,1,184,1
1475,94,4,371,1
1506,94,2,148,1
1555,178,1,127,1
1565,94,1,,
1567,94,1,,
1573,178,1,128,1
1585,94,1,,
1635,94,1,143,1
1647,178,2,184,1
1694,94,1,,
1696,94,2,170,1
1719,94,1,291,1
1751,94,1,,
1757,94,2,371,1
1778,,,94,2
1826,94,1,277,1
1827,94,1,,
1853,94,1,371,1
1869,94,2,140,1
1893,94,4,95,1
1899,94,1,291,1
1901,178,1,112,1
1993,94,3,,
2016,94,2,,
2039,94,1,163,1
2074,94,3,,
2110,94,5,,
2114,94,1,371,1
2140,94,2,,
2154,323,1,,
2155,94,1,277,1
2159,94,2,,
2193,94,2,265,1
2197,94,1,291,1
2227,178,2,184,1
2302,172,2,178,1
2382,247,1,238,1
2407,94,2,161,1
2425,94,10,,
2431,409,1,265,1
2478,178,2,112,1
2507,243,1,244,1
2532,247,1,241,1
2567,94,1,291,1
2601,94,5,95,1
2617,94,2,303,1
2622,94,1,291,2
2640,94,1,,
2645,94,5,,
2653,94,1,,
2658,94,3,140,1
2674,94,2,95,1
2686,94,2,,
2689,94,2,169,1
2707,94,1,,
2708,94,1,140,1
2716,287,1,94,1
2725,94,3,,
2742,178,1,120,1
2779,247,1,241,1
2780,94,2,287,1
2787,182,1,130,1
2801,178,2,184,1
2834,94,1,371,1
2893,94,1,291,1
2898,291,1,94,1
2910,247,1,246,2
2937,94,1,,
3007,94,2,,
3029,178,3,112,1
3065,178,2,184,1
3126,247,1,241,1
3134,183,1,112,1
3170,94,2,140,1
3184,94,5,303,1
3216,94,2,,
3273,94,1,291,1
3275,94,1,291,1
3278,94,1,,
3298,178,1,127,1
3304,94,3,138,1
3313,94,1,291,1
3354,178,1,127,1
3358,94,3,145,1
3378,371,1,,
3387,94,3,140,1
3399,94,2,95,1
3400,287,1,94,1
3423,94,2,,
3431,112,7,,
3449,178,2,184,1
3454,94,1,291,1
3455,247,1,241,1
3456,247,1,241,1
3483,94,4,,
3525,94,1,291,1
3529,287,1,372,1
3532,178,1,184,1
3560,94,1,291,1
3571,94,1,,
3573,112,1,178,2
3579,178,2,184,1
3593,94,1,,
3622,178,2,184,1
3627,112,5,183,1
3636,94,2,,
3643,94,2,,
3689,94,1,,
3702,439,1,94,1
3743,112,6,178,1
3746,178,4,112,1
3747,94,1,165,1
3749,94,1,,
3752,178,1,184,1
3768,112,2,,
3774,178,1,184,1
3788,112,6,,
3804,112,22,185,1
3805,94,1,372,1
3809,112,4,,
3813,94,1,277,1
3815,183,1,112,1
3823,94,2,,
3840,94,1,169,1
3910,94,2,95,1
3962,94,1,371,1
4026,94,1,371,1
4070,94,2,261,3
4074,94,2,160,1
4119,94,2,142,1
4152,182,1,130,1
4186,182,1,130,1
4215,182,1,112,2
4224,94,2,371,1
4279,94,2,140,1
4301,182,1,130,1
4313,94,5,371,1
4316,411,1,,
4344,94,2,371,1
4354,94,1,371,1
4386,94,2,167,1
4457,94,2,170,1
4460,94,2,371,1
4476,94,2,138,1
4496,94,2,142,1
4513,94,2,140,1
4530,94,1,371,1
4535,94,2,142,1
4538,182,1,130,1
4544,112,2,130,1
4563,182,1,130,1
4580,94,3,303,1
4587,94,3,371,1
4625,182,1,130,1
4667,94,2,142,1
4700,94,2,163,1
4711,94,2,165,1
4716,182,1,130,1
4746,134,1,179,1
4750,94,1,,
4760,94,2,142,1
4768,94,1,,
4779,94,1,,
4818,94,1,,
4826,94,2,,
4868,94,1,,
4879,94,2,142,1
4889,94,4,138,1
4934,94,2,140,1
4942,94,1,,
4946,94,1,,
4987,94,1,277,1
4991,94,2,286,1
5002,94,1,277,1
5018,409,3,286,1
5024,94,2,448,3
5038,94,1,277,1
5049,448,3,197,1
5081,94,1,448,2
5082,94,1,277,1
5116,182,1,130,1
10,94,2,277,2
76,94,1,277,1
99,94,2,448,2
102,94,1,277,1
120,94,2,265,1
174,112,5,,
175,94,1,,
205,178,2,184,1
273,94,1,,
423,94,2,371,1
426,178,1,184,1
444,94,1,,
485,94,1,,
500,112,3,178,1
510,94,1,142,1
570,182,1,130,1
583,94,3,371,2
617,183,1,112,3
630,94,2,169,1
676,94,1,,
691,94,1,,
712,178,1,,
731,94,1,291,1
734,94,1,277,1
748,94,3,277,1
758,94,2,371,1
782,94,1,277,1
791,458,3,259,1
799,94,1,374,1
806,94,2,277,1
825,130,1,134,1
836,94,2,286,1
937,94,1,371,1
945,94,1,371,1
946,94,1,277,1
948,94,2,158,1
976,94,1,277,1
994,112,28,178,1
999,94,1,145,1
1021,94,1,142,1
1033,94,2,371,1
1037,94,1,,
1058,94,1,371,1
1087,94,2,95,1
1105,409,1,265,1
1120,303,1,94,1
1158,178,2,184,1
1181,94,1,,
1204,178,2,184,1
1205,94,2,277,1
1223,94,3,303,1
1225,94,1,167,1
1278,112,2,,
1355,112,8,178,1
1386,94,1,169,1
1415,178,1,112,1
1433,94,1,,
1452,94,2,72,1
1467,94,2,170,1
1494,94,1,291,1
1507,94,2,371,1
1508,94,6,371,2
1511,94,2,95,1
1569,94,2,,
1618,277,1,94,1
1641,94,1,277,1
1656,94,3,,
1664,94,1,277,1
1674,94,1,409,1
1713,94,1,140,1
1731,94,2,371,1
1735,94,2,140,1
1766,94,1,371,1
1776,94,1,371,1
1784,94,2,140,1
1792,94,2,140,1
1798,178,2,102,1
1799,94,3,140,1
1805,94,2,140,1
1821,94,1,,
1825,287,1,94,3
1837,94,3,140,1
1854,94,2,170,1
1908,94,3,,
1910,178,1,131,1
1932,94,2,140,1
1939,94,1,,
1974,94,2,169,1
1986,94,1,291,1
1989,94,2,148,1
1998,94,1,277,1
2018,182,1,130,1
2026,94,1,409,1
2043,94,2,138,1
2065,94,1,,
2080,94,1,,
2094,94,1,,
2143,94,1,140,1
2151,94,1,,
2195,94,8,140,1
2210,130,1,112,2
2216,94,2,,
2265,94,4,261,1
2284,94,4,371,1
2288,94,1,291,1
2308,94,2,95,1
2316,94,1,,
2374,294,1,94,1
2391,112,1,178,2
2412,329,2,438,2
2419,94,1,,
2422,178,3,184,1
2455,94,1,291,1
2504,178,1,112,1
2510,94,8,,
2537,94,1,,
2539,247,2,245,1
2542,94,2,371,1
2550,178,2,184,1
2552,94,1,291,1
2568,94,1,,
2579,94,1,303,1
2587,178,2,105,1
2588,94,1,291,1
2641,94,1,277,1
2661,94,1,,
2682,178,1,128,1
2683,94,2,153,1
2694,241,1,247,1
2737,94,1,,
2773,94,9,,
2778,94,1,158,1
2844,94,2,72,1
2866,178,1,112,3
2871,291,1,94,1
2885,94,1,371,1
2964,94,2,265,1
2977,94,3,,
2990,97,1,,
2998,94,1,277,1
2999,94,2,,
3002,404,1,94,1
3019,94,2,142,1
3036,94,2,277,1
3053,94,2,148,1
3087,94,3,,
3095,94,1,277,1
3096,178,1,120,1
3141,94,17,170,1
3156,247,1,241,1
3181,94,1,277,1
3214,94,1,,
3238,178,2,184,1
3286,,,94,2
3289,94,1,,
3330,94,1,,
3337,350,1,354,1
3346,94,2,,
3369,94,1,140,1
3396,94,2,,
3404,94,1,277,1
3459,247,1,241,1
3463,94,1,438,2
3465,94,1,303,1
3475,94,3,371,1
3476,94,8,,
3507,94,1,,
3524,94,1,440,1
3565,94,2,,
3596,94,1,169,1
3609,178,1,131,1
3623,178,1,112,9
3626,178,1,112,2
3646,94,2,,
3650,238,1,239,1
3664,247,3,241,1
3667,178,2,184,1
3669,94,2,165,1
3720,178,1,112,1
3725,438,1,94,3
3763,94,1,154,1
3814,112,2,140,1
3826,94,25,,
3827,94,1,,
3834,94,6,,
3848,94,1,291,1
3858,94,5,372,1
3872,112,2,130,1
3927,411,1,313,1
3936,182,1,130,1
3951,94,6,371,1
3972,182,1,130,1
3978,94,2,140,1
3983,94,4,371,1
4018,94,1,371,1
4046,94,2,371,1
4057,94,1,439,1
4182,94,2,153,1
4189,182,1,130,1
4286,94,2,371,1
4287,94,3,409,1
4291,94,1,216,1
4311,182,1,130,1
4358,94,1,371,1
4369,94,1,97,1
4388,94,1,409,1
4420,94,2,371,1
4438,94,9,256,1
4463,94,4,371,1
4464,94,1,409,1
4477,182,1,130,1
4490,94,1,291,1
4503,94,1,277,1
4567,94,1,371,1
4571,182,1,130,1
4581,94,2,371,1
4639,94,2,153,1
4647,411,1,94,1
4720,94,3,371,1
4753,94,1,291,1
4782,94,1,,
4786,94,15,,
4792,94,1,138,1
4795,94,1,74,1
4825,94,2,160,1
4840,94,1,,
4846,94,4,,
4874,94,2,160,1
4887,94,1,97,1
4900,94,2,142,1
4927,94,1,,
4962,94,2,,
5017,94,1,277,1
5022,94,1,320,1
5042,328,1,94,1
17,94,1,,
24,448,1,259,1
50,94,1,277,1
79,448,1,251,2
89,94,1,,
94,289,1,448,1
137,94,1,,
149,182,1,130,1
157,94,1,277,1
170,94,1,291,1
173,94,1,277,1
186,178,2,112,3
194,94,2,277,1
209,448,6,94,1
225,94,2,277,1
231,94,1,,
323,182,1,130,1
340,94,2,286,1
352,178,2,184,1
387,94,1,,
421,94,2,,
456,182,1,130,1
458,94,1,291,1
505,182,1,130,1
521,94,1,,
550,94,2,95,1
559,94,1,,
565,94,1,,
601,178,1,184,1
606,94,2,140,1
626,94,1,139,1
661,178,2,106,1
682,94,1,346,1
692,438,1,320,1
739,182,1,130,1
885,94,1,142,1
910,94,1,142,1
914,182,1,130,1
981,94,1,277,1
991,94,1,438,1
1038,94,1,,
1048,185,1,112,1
1060,94,1,372,1
1092,94,10,371,1
1096,94,2,169,1
1113,438,1,94,3
1140,94,1,,
1147,178,2,108,1
1174,94,2,265,1
1182,94,1,277,1
1214,94,1,,
1244,94,1,291,1
1308,94,1,,
1325,94,1,277,1
1327,94,1,277,1
1330,94,2,371,1
1342,94,2,,
1345,94,1,291,1
1346,178,2,184,1
1347,94,1,277,1
1349,112,1,,
1398,94,1,439,6
1453,130,1,112,2
1563,94,1,371,1
1577,438,1,94,4
1578,94,1,140,1
1627,94,1,291,1
1663,94,1,,
1666,94,1,291,1
1678,94,2,140,1
1688,94,1,277,1
1704,94,1,277,1
1706,94,1,142,1
1707,182,1,130,1
1758,291,1,94,1
1816,94,1,357,1
1836,112,1,178,2
1857,287,1,94,1
1866,94,1,303,1
1885,94,1,277,1
1895,94,1,277,1
1897,94,2,,
1914,94,2,169,1
1916,,,94,2
1917,94,2,140,1
1922,94,1,371,2
1949,94,3,140,1
1973,94,1,,
2013,94,2,170,1
2052,94,1,,
2059,94,2,,
2071,94,1,,
2082,94,2,371,1
2092,182,1,130,1
2103,94,1,277,1
2107,371,1,372,1
2121,94,1,438,1
2128,303,1,94,1
2150,94,4,,
2162,94,1,219,1
2178,94,1,303,1
2199,94,1,303,1
2218,94,6,95,1
2233,94,1,291,1
2261,112,2,184,1
2303,94,1,371,1
2398,94,1,439,1
2432,94,1,291,1
2435,94,3,168,1
2463,247,1,241,1
2467,94,3,277,1
2477,94,21,,
2485,94,6,154,1
2514,94,1,277,1
2521,94,2,,
2576,94,3,371,2
2594,94,2,138,1
2607,94,1,,
2631,94,2,286,1
2632,94,3,160,1
2647,94,2,371,1
2652,94,4,371,1
2671,94,2,,
2692,247,1,241,1
2710,,,94,2
2753,178,2,184,1
2756,112,1,183,1
2764,112,3,178,1
2772,178,2,184,1
2786,178,2,184,1
2811,94,4,,
2817,94,2,157,1
2822,178,2,184,1
2826,178,1,112,1
2830,94,2,371,1
2831,94,2,,
2859,94,4,371,1
2974,178,2,184,1
2993,178,2,184,1
3016,178,1,128,1
3028,178,1,120,1
3063,94,1,291,1
3088,94,1,,
3147,94,6,151,1
3166,94,1,,
3225,94,3,,
3244,112,2,178,1
3297,94,1,291,1
3325,178,1,,
3333,94,3,163,1
3334,178,1,120,1
3339,94,1,,
3348,94,1,277,1
3349,94,1,265,1
3417,94,2,,
3432,94,1,,
3474,94,2,,
3516,112,2,,
3526,94,2,169,1
3543,94,2,,
3651,178,2,184,1
3653,183,1,112,7
3660,277,1,94,1
3672,94,10,438,1
3750,178,1,184,1
3781,94,3,,
3818,112,2,,
3842,378,2,94,1
3878,136,1,175,1
3880,265,1,411,1
3889,371,1,265,2
3894,94,2,146,1
3915,94,1,371,2
3922,130,1,112,1
3925,94,2,142,1
3959,94,2,154,1
3990,182,1,130,1
3992,94,6,371,1
4004,94,1,216,1
4007,94,1,438,1
4020,94,2,371,1
4040,94,2,371,1
4045,94,1,371,1
4047,94,2,371,6
4077,94,1,371,1
4083,94,2,72,1
4087,94,3,371,1
4091,182,1,130,1
4092,94,2,371,1
4102,94,2,371,1
4118,94,5,95,1
4123,94,2,,
4151,94,2,152,1
4153,94,2,95,1
4160,182,1,130,1
4166,94,1,371,1
4173,94,3,165,1
4190,94,2,142,1
4197,182,1,130,1
4213,94,1,371,1
4243,94,2,371,1
4255,94,2,146,1
4261,94,1,303,1
4262,94,2,163,1
4264,182,1,130,1
4267,94,2,371,1
4273,94,5,371,1
4278,94,4,140,1
4289,94,1,371,1
4298,182,1,130,1
4312,182,1,130,1
4346,94,1,371,1
4357,411,1,94,1
4392,94,3,371,1
4393,94,1,154,1
4394,94,2,371,1
4398,94,1,257,1
4404,182,1,130,1
4407,94,2,165,1
4433,94,1,303,1
4468,94,2,138,1
4474,182,1,130,1
4475,94,2,371,1
4596,94,1,371,1
4608,94,2,303,1
4681,94,1,371,1
4737,94,1,169,1
4743,94,1,,
4799,94,3,140,1
4822,182,1,130,1
4843,94,1,,
4859,94,1,,
4869,94,1,,
4895,94,2,,
4910,94,2,140,1
4932,94,1,97,1
4938,94,1,,
4957,94,2,,
4965,94,2,140,1
4976,94,3,,
4977,94,2,,
4989,94,2,448,2
4999,94,1,277,1
5027,94,1,448,54
5036,94,1,448,13
5057,94,3,448,117
5060,94,1,277,1
5072,94,1,438,1
5077,94,1,438,1
5110,94,1,,
21,94,2,448,2
86,448,1,94,2
103,94,1,277,1
109,448,10,206,2
124,94,1,277,1
135,94,1,438,1
181,94,1,303,1
211,94,1,320,1
220,94,1,,
233,94,1,277,1
236,94,1,291,1
238,94,1,,
249,94,1,,
253,94,1,291,1
264,178,2,184,1
331,94,1,,
354,94,1,277,1
361,94,2,371,1
363,94,1,303,1
381,287,1,94,1
383,291,1,94,1
469,94,1,,
483,94,3,,
506,94,1,277,1
526,94,1,,
547,,,94,2
586,94,1,409,1
600,448,1,94,1
638,94,3,371,1
640,94,1,291,1
644,94,1,277,1
675,94,1,,
684,94,1,,
688,438,1,320,1
710,94,1,320,1
729,178,1,127,1
738,94,2,287,1
745,94,2,286,1
762,94,2,148,1
772,94,2,371,1
795,94,1,,
809,94,1,291,1
819,94,1,,
822,178,2,184,1
827,94,1,371,1
843,371,1,286,1
876,94,1,,
877,94,1,409,1
881,94,1,291,1
892,112,1,107,3
961,94,1,277,1
989,112,10,,
1045,94,1,140,1
1064,112,2,,
1084,94,1,277,1
1110,94,2,146,1
1116,94,2,371,1
1135,94,1,,
1149,94,1,291,2
1154,94,1,,
1155,373,1,94,1
1166,94,1,142,1
1186,94,1,,
1203,94,1,448,1
1210,94,2,145,1
1302,94,2,371,1
1313,178,1,128,1
1323,94,3,149,1
1326,94,1,371,1
1354,94,1,277,1
1368,94,1,,
1441,,,94,2
1468,178,2,132,1
1481,108,1,107,7
1484,94,1,438,1
1498,178,3,184,1
1522,94,3,371,1
1535,94,1,291,1
1587,94,1,140,1
1592,94,2,,
1610,178,1,184,1
1619,94,1,277,1
1629,94,1,277,1
1632,183,1,,
1633,94,1,371,1
1655,94,2,,
1712,94,1,277,1
1718,448,5,259,1
1724,94,1,,
1732,94,10,,
1756,130,1,112,1
1789,94,1,303,1
1818,94,1,,
1823,94,1,277,1
1842,94,3,170,1
1843,94,1,,
1856,94,4,72,1
1858,94,1,371,1
1896,182,1,130,1
1903,112,6,178,1
1906,178,1,184,1
1959,112,4,,
1982,94,1,277,1
2015,94,2,,
2061,94,1,371,1
2097,94,1,,
2119,94,1,169,1
2147,265,2,287,1
2149,94,3,,
2180,291,1,94,1
2187,94,1,277,1
2203,94,1,291,2
2220,94,1,,
2240,94,3,265,1
2271,94,1,,
2311,112,2,178,1
2320,94,2,371,1
2329,94,1,,
2330,94,3,72,1
2334,94,1,291,1
2338,237,4,235,1
2357,94,1,291,1
2368,94,2,142,1
2369,112,8,,
2384,94,1,74,1
2393,94,2,160,1
2445,94,1,,
2475,94,1,371,1
2501,94,1,,
2525,94,2,,
2545,94,1,291,1
2557,371,1,372,1
2599,94,2,,
2618,94,1,,
2621,94,1,277,1
2651,94,1,,
2665,94,1,409,4
2677,94,1,448,2
2687,94,1,277,1
2723,247,1,241,1
2726,94,1,170,1
2729,178,2,105,1
2762,112,1,,
2782,94,2,,
2793,94,2,,
2800,94,1,371,2
2804,94,1,143,1
2829,94,1,,
2833,178,2,184,1
2841,94,3,,
2891,94,1,,
2899,183,1,112,6
2907,94,4,,
2918,178,2,184,1
2928,94,2,371,2
2930,94,7,,
2965,112,1,183,1
3004,94,2,371,1
3027,178,2,184,1
3044,94,1,,
3045,94,1,277,1
3049,94,2,,
3068,94,2,371,1
3109,94,2,,
3119,94,3,371,1
3151,94,1,,
3159,247,3,241,1
3201,94,1,,
3219,94,1,,
3251,94,2,,
3256,94,1,148,1
3262,94,2,142,1
3295,178,3,184,1
3347,94,1,,
3364,94,1,303,1
3376,94,1,,
3401,178,1,127,1
3411,178,1,120,1
3413,112,1,178,3
3419,178,1,,
3430,94,1,,
3464,170,2,,
3468,94,2,140,1
3481,178,1,120,1
3500,94,1,,
3501,186,1,183,1
3509,178,2,184,1
3517,178,1,112,2
3520,94,1,148,1
3552,94,1,,
3561,178,2,176,5
3598,178,1,120,1
3611,94,1,96,2
3648,94,2,95,1
3666,247,1,241,1
3728,94,1,143,1
3736,94,4,,
3777,112,12,,
3791,112,2,183,3
3797,112,1,,
3839,371,1,372,1
3849,112,2,,
3875,184,1,186,1
3881,411,1,313,1
3897,411,1,313,1
3916,94,2,371,1
3933,182,1,130,1
3943,94,2,157,1
3944,130,1,112,1
3982,94,2,371,1
3985,94,1,409,1
4031,94,1,371,1
4054,94,1,371,1
4059,130,1,112,1
4071,94,2,410,1
4115,130,1,112,1
4120,182,1,130,1
4159,182,1,130,1
4281,94,4,409,1
4321,94,3,167,1
4329,94,1,371,1
4360,94,1,371,1
4361,94,2,142,1
4405,94,1,371,2
4409,134,1,179,1
4410,94,2,371,1
4419,112,2,130,1
4430,94,2,371,1
4488,94,1,410,1
4489,411,1,,
4539,411,1,,
4540,94,3,371,1
4602,94,2,371,1
4645,182,1,130,1
4652,94,1,371,1
4672,94,2,371,1
4674,130,1,179,1
4692,94,1,261,1
4701,411,1,,
4765,94,4,,
4770,94,2,148,1
4850,94,1,,
4904,94,3,,
4908,94,2,140,1
4912,94,6,371,1
4919,94,2,,
4933,94,1,142,1
4955,94,2,,
4964,94,2,95,1
4974,94,3,371,1
4980,94,6,448,12
4994,277,1,94,1
4996,94,9,,
5004,94,1,277,1
5005,94,1,277,1
5030,94,1,277,1
5061,94,1,277,1
5063,448,35,259,1
5095,94,1,277,1
